{"stats":{"minecraft:killed":{"minecraft:witch":2,"minecraft:spider":23,"minecraft:skeleton":61,"alexsmobs:banana_slug":2,"minecraft:chicken":2,"minecraft:pig":7,"minecraft:creeper":4,"minecraft:sheep":9,"minecraft:pillager":5,"minecraft:goat":1,"minecraft:zombie":67,"alexsmobs:fly":1,"minecraft:cow":8,"alexsmobs:dropbear":1,"alexsmobs:raccoon":1,"alexsmobs:seagull":2,"alexsmobs:rattlesnake":2,"creeperoverhaul:snowy_creeper":2,"minecraft:horse":1,"alexsmobs:skreecher":1,"minecraft:husk":2,"minecraft:rabbit":1,"alexsmobs:cockroach":1,"alexsmobs:moose":2,"minecraft:enderman":3},"minecraft:picked_up":{"minecraft:iron_chestplate":2,"minecraft:chainmail_boots":1,"minecraft:iron_trapdoor":1,"minecraft:stone_slab":2,"minecraft:potion":2,"minecraft:enchanted_book":1,"minecraft:stone_brick_stairs":79,"minecraft:brewing_stand":1,"minecraft:string":19,"minecraft:raw_copper":109,"biomesoplenty:tall_lavender":2,"minecraft:armor_stand":2,"minecraft:purple_banner":3,"biomesoplenty:brimstone":31,"minecraft:gold_nugget":85,"minecraft:cobbled_deepslate":1298,"biomesoplenty:fir_planks":70,"minecraft:cobblestone_slab":10,"minecraft:calcite":3,"minecraft:iron_pickaxe":2,"minecraft:melon_slice":4,"minecraft:iron_boots":1,"minecraft:furnace":10,"minecraft:stick":18,"minecraft:oak_fence":4,"minecraft:torch":114,"minecraft:spruce_stairs":2,"minecraft:porkchop":21,"minecraft:lightning_rod":3,"minecraft:cherry_log":10,"minecraft:diorite":33,"minecraft:cactus":6,"minecraft:rotten_flesh":49,"morearmor:cobblestone_armor_chestplate":2,"minecraft:tropical_fish":1,"biomesoplenty:fir_slab":5,"alexsmobs:emu_egg":2,"minecraft:white_terracotta":2,"minecraft:obsidian":18,"minecraft:snowball":40,"minecraft:cobblestone":3635,"biomesoplenty:lavender":64,"minecraft:pink_petals":2,"minecraft:magma_block":85,"minecraft:leather_chestplate":2,"minecraft:feather":26,"minecraft:cooked_beef":1,"minecraft:cherry_planks":5,"minecraft:cherry_leaves":146,"minecraft:water_bucket":1,"minecraft:brown_wool":1,"biomesoplenty:fir_sapling":3,"biomesoplenty:fir_log":23,"minecraft:flint":6,"minecraft:tuff":89,"minecraft:cherry_fence":1,"minecraft:lapis_lazuli":244,"minecraft:dirt":200,"minecraft:glass":13,"minecraft:bone":70,"minecraft:bow":6,"minecraft:wheat_seeds":9,"minecraft:raw_gold":118,"minecraft:rabbit":2,"minecraft:diamond_helmet":1,"minecraft:glowstone_dust":41,"minecraft:oak_planks":11,"biomesoplenty:toadstool":1,"justhammers:iron_hammer":3,"minecraft:sand":99,"minecraft:ink_sac":16,"minecraft:red_terracotta":1,"alexsmobs:animal_dictionary":2,"minecraft:mossy_cobblestone":3,"minecraft:dark_prismarine":2,"minecraft:diamond":47,"alexsmobs:rattlesnake_rattle":3,"minecraft:golden_apple":1,"alexsmobs:moose_ribs":5,"minecraft:emerald":9,"alexsmobs:maggot":2,"minecraft:netherrack":165,"minecraft:coarse_dirt":8,"minecraft:charcoal":2,"minecraft:cocoa_beans":3,"minecraft:crafting_table":10,"minecraft:chicken":2,"minecraft:turtle_helmet":1,"minecraft:leather_leggings":1,"minecraft:wooden_pickaxe":1,"minecraft:stone_brick_wall":30,"gravestone:obituary":1,"morearmor:magma_armor_leggings":1,"morearmor:magma_armor_helmet":1,"minecraft:cornflower":10,"morearmor:magma_armor_boots":1,"minecraft:iron_axe":3,"minecraft:blackstone":60,"minecraft:cyan_carpet":6,"minecraft:cartography_table":1,"minecraft:beef":19,"minecraft:player_head":1,"minecraft:poppy":9,"minecraft:dark_oak_sapling":4,"minecraft:raw_iron":271,"minecraft:stone":7,"morearmor:lapis_armor_helmet":2,"morearmor:power_dust":4,"minecraft:bowl":1,"minecraft:carrot":102,"minecraft:redstone":124,"morearmor:cobblestone_armor_boots":2,"minecraft:arrow":73,"biomesoplenty:jacaranda_log":6,"minecraft:mutton":23,"minecraft:rail":8,"minecraft:white_wool":13,"minecraft:oxeye_daisy":13,"minecraft:leather":21,"alexsmobs:skreecher_soul":1,"minecraft:oak_log":15,"minecraft:gunpowder":8,"minecraft:white_banner":3,"minecraft:stone_bricks":94,"minecraft:red_sandstone":1,"minecraft:spore_blossom":1,"minecraft:iron_ingot":75,"minecraft:music_disc_far":1,"minecraft:stone_pickaxe":6,"minecraft:book":71,"minecraft:smooth_basalt":3,"minecraft:sweet_berries":10,"minecraft:quartz":94,"minecraft:dandelion":7,"morearmor:cobblestone_armor_leggings":1,"minecraft:gravel":34,"minecraft:amethyst_shard":4,"justhammers:stone_hammer":1,"minecraft:blast_furnace":2,"minecraft:white_bed":5,"minecraft:spruce_log":9,"morearmor:lapis_armor_leggings":1,"minecraft:dark_oak_fence_gate":1,"minecraft:spider_eye":18,"morearmor:cobblestone_armor_helmet":1,"travelersbackpack:standard":2,"minecraft:stone_axe":1,"minecraft:cherry_sapling":26,"minecraft:terracotta":1,"minecraft:black_wool":1,"minecraft:coal":568,"minecraft:wooden_axe":1,"minecraft:ender_pearl":3},"minecraft:broken":{"minecraft:wooden_sword":1,"minecraft:stone_axe":1,"minecraft:iron_axe":3,"minecraft:iron_pickaxe":2},"minecraft:mined":{"minecraft:large_amethyst_bud":1,"minecraft:white_bed":5,"minecraft:cherry_log":10,"minecraft:sculk_vein":4,"biomesoplenty:brimstone":1,"minecraft:brewing_stand":1,"minecraft:stone_brick_wall":32,"minecraft:grass_block":78,"minecraft:oxeye_daisy":14,"minecraft:spawner":5,"minecraft:magma_block":1,"biomesoplenty:tall_lavender":2,"minecraft:glowstone":13,"minecraft:iron_ore":59,"minecraft:fire":11,"biomesoplenty:lavender":35,"minecraft:deepslate_lapis_ore":5,"minecraft:sculk_shrieker":1,"minecraft:small_amethyst_bud":2,"minecraft:player_head":1,"minecraft:waxed_cut_copper_stairs":1,"minecraft:deepslate_redstone_ore":7,"biomesoplenty:jacaranda_leaves":2,"minecraft:blackstone":2,"minecraft:amethyst_cluster":1,"minecraft:soul_lantern":1,"minecraft:powder_snow":2,"minecraft:torch":24,"minecraft:blast_furnace":2,"minecraft:poppy":9,"minecraft:calcite":3,"minecraft:nether_quartz_ore":4,"minecraft:cobblestone":25,"minecraft:oak_planks":2,"minecraft:wall_torch":6,"minecraft:amethyst_block":1,"minecraft:pink_petals":1,"minecraft:cherry_fence":1,"biomesoplenty:fir_log":27,"minecraft:stone_brick_stairs":70,"minecraft:grass":79,"minecraft:oak_log":15,"minecraft:dark_oak_sapling":3,"minecraft:dirt":126,"minecraft:sand":99,"minecraft:smooth_basalt":1,"minecraft:netherrack":9,"minecraft:oak_leaves":1,"minecraft:deepslate":28,"minecraft:dark_prismarine":2,"minecraft:tuff":1,"minecraft:mossy_cobblestone":1,"minecraft:dark_oak_leaves":12,"minecraft:deepslate_diamond_ore":3,"minecraft:cherry_sapling":7,"minecraft:dark_oak_log":6,"gravestone:gravestone":1,"minecraft:spruce_leaves":3,"minecraft:cartography_table":1,"minecraft:large_fern":1,"minecraft:spore_blossom":1,"biomesoplenty:jacaranda_log":6,"minecraft:furnace":9,"minecraft:carrots":40,"biomesoplenty:toadstool":1,"minecraft:snow":9,"minecraft:dark_oak_fence_gate":1,"minecraft:gold_block":1,"minecraft:bookshelf":12,"minecraft:deepslate_iron_ore":45,"minecraft:rail":3,"minecraft:bamboo":1,"minecraft:stone":278,"biomesoplenty:brimstone_cluster":1,"minecraft:cake":1,"morearmor:power_ore":2,"minecraft:cherry_planks":6,"minecraft:snow_block":8,"minecraft:dandelion":7,"travelersbackpack:standard":1,"minecraft:crafting_table":10,"minecraft:cornflower":11,"minecraft:purple_wall_banner":1,"minecraft:emerald_ore":3,"biomesoplenty:fir_planks":31,"minecraft:sculk_sensor":1,"minecraft:campfire":1,"minecraft:lightning_rod":2,"minecraft:tall_grass":4,"minecraft:deepslate_coal_ore":1,"biomesoplenty:sprout":2,"minecraft:deepslate_gold_ore":20,"minecraft:sculk":1,"minecraft:diorite":3,"minecraft:spruce_stairs":2,"minecraft:coarse_dirt":4,"minecraft:sweet_berry_bush":3,"minecraft:spruce_log":7,"minecraft:birch_leaves":1,"minecraft:white_wall_banner":3,"minecraft:coal_ore":60,"minecraft:cocoa":1,"biomesoplenty:fir_leaves":31,"minecraft:cherry_leaves":198,"minecraft:gravel":42,"minecraft:cobweb":1,"minecraft:stone_bricks":92,"minecraft:small_dripleaf":1,"minecraft:fern":44},"minecraft:custom":{"minecraft:interact_with_crafting_table":155,"minecraft:open_barrel":26,"minecraft:eat_cake_slice":5,"minecraft:leave_game":16,"minecraft:time_since_death":253969,"minecraft:sprint_one_cm":2161677,"minecraft:drop":289,"minecraft:play_time":651238,"minecraft:deaths":2,"minecraft:jump":10534,"minecraft:walk_on_water_one_cm":45814,"minecraft:enchant_item":1,"minecraft:interact_with_furnace":268,"minecraft:interact_with_cartography_table":1,"minecraft:sleep_in_bed":11,"minecraft:damage_dealt":35780,"minecraft:crouch_one_cm":10982,"minecraft:interact_with_smoker":1,"minecraft:inspect_dispenser":1,"minecraft:interact_with_smithing_table":13,"minecraft:interact_with_anvil":9,"minecraft:mob_kills":217,"minecraft:climb_one_cm":4169,"minecraft:walk_one_cm":1815025,"minecraft:sneak_time":4418,"minecraft:walk_under_water_one_cm":18540,"minecraft:boat_one_cm":5474,"minecraft:interact_with_blast_furnace":4,"minecraft:total_world_time":651238,"minecraft:tune_noteblock":21,"minecraft:interact_with_stonecutter":2,"minecraft:time_since_rest":34765,"minecraft:damage_absorbed":69,"minecraft:damage_taken":7033,"minecraft:swim_one_cm":34517,"minecraft:fly_one_cm":1859554,"minecraft:open_chest":186,"minecraft:fall_one_cm":259200},"minecraft:crafted":{"morearmor:magma_armor_leggings":1,"minecraft:black_dye":2,"minecraft:oak_planks":60,"travelersbackpack:crafting_upgrade":1,"minecraft:cooked_chicken":3,"travelersbackpack:hose_nozzle":1,"travelersbackpack:enderman":1,"minecraft:stone":695,"minecraft:diamond_shovel":1,"minecraft:cooked_mutton":17,"minecraft:green_dye":6,"minecraft:quartz_block":20,"minecraft:glass":66,"minecraft:iron_boots":1,"morearmor:emerald_armor_helmet":1,"morearmor:emerald_armor_leggings":1,"justhammers:diamond_hammer":2,"minecraft:chest":8,"morearmor:magma_armor_helmet":1,"morearmor:magma_armor_boots":2,"minecraft:stone_bricks":672,"casinocraft:rulebook_2_1":1,"minecraft:cooked_rabbit":2,"travelersbackpack:iron_tier_upgrade":1,"biomesoplenty:jacaranda_planks":24,"minecraft:cooked_porkchop":14,"morearmor:cobblestone_armor_helmet":1,"minecraft:crafting_table":9,"minecraft:spruce_planks":36,"travelersbackpack:standard":1,"minecraft:wooden_pickaxe":1,"minecraft:iron_helmet":1,"minecraft:smithing_table":1,"minecraft:copper_ingot":52,"biomesoplenty:fir_planks":112,"minecraft:stone_brick_stairs":128,"minecraft:iron_chestplate":2,"minecraft:yellow_dye":7,"minecraft:purple_dye":15,"morearmor:lapis_armor_leggings":2,"minecraft:stick":112,"minecraft:iron_ingot":258,"minecraft:iron_pickaxe":2,"minecraft:iron_block":3,"morearmor:emerald_armor_chestplate":1,"minecraft:gold_ingot":78,"minecraft:light_gray_dye":6,"travelersbackpack:cow":1,"minecraft:shears":1,"minecraft:cherry_planks":44,"minecraft:wooden_sword":1,"minecraft:stone_brick_wall":72,"minecraft:furnace":16,"minecraft:bone_meal":120,"travelersbackpack:blank_upgrade":4,"travelersbackpack:gold_tier_upgrade":1,"minecraft:glass_pane":48,"morearmor:cobblestone_armor_boots":1,"morearmor:cobblestone_armor_chestplate":1,"minecraft:iron_axe":4,"morearmor:cobblestone_armor_leggings":1,"minecraft:stone_pickaxe":1,"msmlegacy:crystaline_blade":1,"travelersbackpack:diamond_tier_upgrade":1,"travelersbackpack:hose":1,"minecraft:cooked_beef":28,"minecraft:red_dye":9,"minecraft:cooked_cod":1,"travelersbackpack:backpack_tank":2,"minecraft:iron_sword":1,"alexsmobs:cooked_moose_ribs":3,"minecraft:bucket":2,"minecraft:stone_axe":1,"morearmor:obsidian_armor_boots":1,"minecraft:glowstone":10,"minecraft:orange_dye":2,"minecraft:air":0,"minecraft:blue_dye":8,"justhammers:iron_hammer":6,"minecraft:golden_apple":10,"justhammers:stone_hammer":1,"msmlegacy:draconic_blade":1,"minecraft:wooden_axe":1,"minecraft:iron_shovel":1,"minecraft:iron_leggings":1,"minecraft:anvil":1,"biomesoplenty:fir_button":1,"minecraft:white_bed":1,"minecraft:torch":176},"minecraft:killed_by":{"minecraft:vindicator":1,"minecraft:zombie":1},"minecraft:dropped":{"biomesoplenty:fir_log":3,"minecraft:lapis_lazuli":114,"minecraft:spore_blossom":1,"minecraft:red_sandstone":1,"minecraft:leather":9,"minecraft:rail":3,"biomesoplenty:fir_sapling":3,"minecraft:light_weighted_pressure_plate":1,"minecraft:dirt":30,"minecraft:cornflower":2,"minecraft:snowball":40,"gravestone:obituary":2,"minecraft:pumpkin_pie":5,"minecraft:sand":35,"minecraft:white_wool":10,"minecraft:cyan_carpet":6,"minecraft:gold_ingot":1,"morearmor:lapis_armor_helmet":2,"minecraft:gravel":3,"biomesoplenty:toadstool":1,"minecraft:stone_axe":1,"minecraft:blackstone":45,"alexsmobs:animal_dictionary":1,"minecraft:cobbled_deepslate":1146,"minecraft:rotten_flesh":10,"minecraft:oak_planks":10,"minecraft:glowstone_dust":1,"justhammers:iron_hammer":5,"alexsmobs:emu_egg":1,"minecraft:dark_oak_fence_gate":1,"morearmor:magma_armor_leggings":1,"minecraft:leather_chestplate":2,"justhammers:stone_hammer":2,"minecraft:gunpowder":6,"minecraft:charcoal":2,"minecraft:lingering_potion":2,"minecraft:chainmail_boots":1,"minecraft:leather_leggings":1,"minecraft:arrow":10,"minecraft:glass":2,"morearmor:cobblestone_armor_chestplate":3,"minecraft:stone_brick_stairs":4,"minecraft:quartz":7,"biomesoplenty:tall_lavender":1,"biomesoplenty:fir_button":1,"minecraft:iron_ingot":38,"justhammers:diamond_hammer":1,"minecraft:wheat_seeds":8,"minecraft:mossy_cobblestone":3,"minecraft:iron_helmet":1,"minecraft:oak_fence":3,"minecraft:feather":12,"minecraft:cobblestone":1553,"alexsmobs:rattlesnake_rattle":3,"minecraft:activator_rail":3,"minecraft:tropical_fish":2,"minecraft:spruce_stairs":2,"biomesoplenty:fir_slab":5,"minecraft:coal":12,"alexsmobs:raw_catfish":1,"minecraft:mushroom_stew":2,"minecraft:stick":22,"minecraft:oxeye_daisy":7,"minecraft:diorite":33,"minecraft:iron_trapdoor":1,"minecraft:ink_sac":2,"minecraft:torch":64,"biomesoplenty:brimstone":7,"minecraft:wooden_axe":2,"minecraft:brown_wool":1,"minecraft:cherry_planks":2,"travelersbackpack:blank_upgrade":1,"minecraft:potion":2,"minecraft:iron_axe":2,"minecraft:iron_shovel":1,"minecraft:string":6,"minecraft:pink_petals":2,"minecraft:bucket":2,"minecraft:redstone":52,"minecraft:smooth_basalt":3,"morearmor:cobblestone_armor_helmet":2,"alexsmobs:maggot":2,"minecraft:coarse_dirt":8,"minecraft:cocoa_beans":3,"minecraft:bowl":2,"minecraft:tuff":94,"minecraft:raw_iron":2,"minecraft:iron_boots":1,"morearmor:cobblestone_armor_leggings":2,"minecraft:stone_slab":2,"minecraft:white_terracotta":2,"minecraft:red_terracotta":1,"minecraft:lightning_rod":3,"minecraft:cobblestone_slab":9,"minecraft:stone":12,"biomesoplenty:fir_planks":94,"minecraft:spruce_planks":4,"morearmor:cobblestone_armor_boots":3,"minecraft:spider_eye":15,"minecraft:bow":4,"minecraft:stone_pickaxe":5,"minecraft:wooden_pickaxe":2,"minecraft:calcite":3,"minecraft:magma_block":33,"minecraft:dark_prismarine":2,"minecraft:black_wool":1},"minecraft:used":{"minecraft:cherry_sapling":17,"minecraft:iron_shovel":156,"minecraft:chest":7,"minecraft:stone":2,"minecraft:iron_sword":40,"morearmor:cobblestone_armor_helmet":3,"minecraft:rotten_flesh":33,"msmlegacy:crystaline_blade":7,"minecraft:carrot":156,"minecraft:tuff":2,"minecraft:glass":3,"minecraft:lava_bucket":4,"minecraft:iron_helmet":3,"minecraft:cherry_leaves":141,"minecraft:stone_brick_stairs":176,"minecraft:stone_bricks":371,"minecraft:golden_sword":13,"msmlegacy:draconic_blade":231,"minecraft:magma_block":4,"minecraft:bow":38,"minecraft:sweet_berries":10,"minecraft:furnace":22,"minecraft:cooked_cod":1,"travelersbackpack:enderman":1,"minecraft:dark_oak_sapling":4,"travelersbackpack:cow":4,"minecraft:oak_planks":2,"minecraft:stone_pickaxe":44,"minecraft:wooden_pickaxe":5,"biomesoplenty:fir_planks":55,"minecraft:golden_apple":2,"minecraft:glow_berries":23,"minecraft:mushroom_stew":1,"minecraft:blast_furnace":1,"minecraft:stone_brick_wall":151,"minecraft:lingering_potion":4,"minecraft:shears":156,"minecraft:melon_slice":4,"minecraft:bread":32,"alexsmobs:cooked_moose_ribs":3,"minecraft:wooden_sword":69,"minecraft:smithing_table":1,"minecraft:cooked_rabbit":2,"minecraft:bone_meal":120,"biomesoplenty:brimstone":10,"minecraft:flint_and_steel":56,"minecraft:spruce_planks":4,"minecraft:cooked_chicken":3,"minecraft:netherrack":51,"minecraft:torch":228,"minecraft:dirt":85,"minecraft:anvil":1,"minecraft:purple_banner":3,"minecraft:wooden_axe":30,"minecraft:iron_axe":619,"minecraft:glowstone":4,"minecraft:cherry_fence":1,"minecraft:cooked_beef":15,"minecraft:cobbled_deepslate":40,"minecraft:cherry_log":2,"minecraft:cooked_mutton":17,"minecraft:water_bucket":2,"minecraft:cherry_planks":7,"justhammers:diamond_hammer":663,"minecraft:crafting_table":18,"minecraft:white_bed":5,"minecraft:cod":2,"justhammers:iron_hammer":590,"minecraft:apple":5,"minecraft:diamond_shovel":129,"minecraft:iron_pickaxe":779,"justhammers:stone_hammer":61,"minecraft:stone_axe":69,"minecraft:cobblestone":305,"travelersbackpack:standard":23,"minecraft:white_banner":3,"minecraft:cooked_porkchop":13,"minecraft:bucket":13,"minecraft:pumpkin_pie":9,"alexsmobs:emu_egg":1}},"DataVersion":3465}