{"stats":{"minecraft:crafted":{"morearmor:magma_armor_leggings":1,"minecraft:black_dye":2,"minecraft:oak_planks":60,"travelersbackpack:crafting_upgrade":1,"minecraft:cooked_chicken":2,"travelersbackpack:hose_nozzle":1,"minecraft:stone":9,"minecraft:cooked_mutton":17,"minecraft:green_dye":6,"minecraft:glass":64,"minecraft:iron_boots":1,"morearmor:emerald_armor_helmet":1,"minecraft:chest":3,"morearmor:magma_armor_helmet":1,"morearmor:magma_armor_boots":1,"casinocraft:rulebook_2_1":1,"minecraft:cooked_rabbit":2,"travelersbackpack:iron_tier_upgrade":1,"minecraft:cooked_porkchop":14,"morearmor:cobblestone_armor_helmet":1,"minecraft:crafting_table":9,"minecraft:spruce_planks":36,"minecraft:wooden_pickaxe":1,"minecraft:iron_helmet":1,"minecraft:smithing_table":1,"biomesoplenty:fir_planks":108,"minecraft:iron_chestplate":2,"minecraft:yellow_dye":7,"morearmor:lapis_armor_leggings":2,"minecraft:stick":48,"minecraft:iron_ingot":242,"minecraft:iron_pickaxe":1,"minecraft:iron_block":3,"minecraft:gold_ingot":46,"minecraft:light_gray_dye":6,"travelersbackpack:cow":1,"minecraft:cherry_planks":32,"minecraft:wooden_sword":1,"minecraft:furnace":8,"minecraft:bone_meal":57,"travelersbackpack:blank_upgrade":4,"travelersbackpack:gold_tier_upgrade":1,"morearmor:cobblestone_armor_boots":1,"morearmor:cobblestone_armor_chestplate":1,"minecraft:iron_axe":4,"morearmor:cobblestone_armor_leggings":1,"minecraft:stone_pickaxe":1,"travelersbackpack:hose":1,"minecraft:cooked_beef":24,"minecraft:red_dye":9,"travelersbackpack:backpack_tank":2,"minecraft:iron_sword":1,"alexsmobs:cooked_moose_ribs":3,"minecraft:bucket":2,"morearmor:obsidian_armor_boots":1,"minecraft:stone_axe":1,"minecraft:orange_dye":2,"minecraft:air":0,"minecraft:blue_dye":8,"justhammers:iron_hammer":3,"minecraft:golden_apple":2,"justhammers:stone_hammer":1,"minecraft:wooden_axe":1,"minecraft:iron_shovel":1,"minecraft:iron_leggings":1,"minecraft:anvil":1,"minecraft:white_bed":1,"minecraft:torch":44},"minecraft:picked_up":{"minecraft:wooden_axe":1,"minecraft:iron_chestplate":1,"minecraft:chainmail_boots":1,"minecraft:potion":2,"minecraft:enchanted_book":1,"minecraft:brewing_stand":1,"minecraft:string":17,"minecraft:raw_copper":44,"minecraft:armor_stand":2,"biomesoplenty:brimstone":17,"minecraft:cobbled_deepslate":593,"biomesoplenty:fir_planks":59,"minecraft:cobblestone_slab":3,"minecraft:calcite":3,"minecraft:iron_pickaxe":1,"minecraft:melon_slice":4,"minecraft:furnace":10,"minecraft:iron_boots":1,"minecraft:stick":14,"minecraft:oak_fence":4,"minecraft:torch":26,"minecraft:spruce_stairs":1,"minecraft:porkchop":14,"minecraft:lightning_rod":3,"minecraft:cherry_log":8,"minecraft:diorite":33,"minecraft:cactus":6,"minecraft:rotten_flesh":36,"morearmor:cobblestone_armor_chestplate":2,"minecraft:tropical_fish":1,"alexsmobs:emu_egg":2,"minecraft:white_terracotta":2,"minecraft:snowball":6,"minecraft:cobblestone":1390,"minecraft:pink_petals":2,"minecraft:magma_block":78,"minecraft:leather_chestplate":2,"minecraft:feather":26,"minecraft:cooked_beef":1,"minecraft:brown_wool":1,"biomesoplenty:fir_sapling":1,"biomesoplenty:fir_log":16,"minecraft:tuff":18,"minecraft:lapis_lazuli":181,"minecraft:dirt":36,"minecraft:glass":13,"minecraft:bone":56,"minecraft:bow":4,"minecraft:wheat_seeds":5,"minecraft:raw_gold":95,"minecraft:rabbit":2,"minecraft:diamond_helmet":1,"minecraft:glowstone_dust":2,"minecraft:oak_planks":11,"biomesoplenty:toadstool":1,"justhammers:iron_hammer":3,"minecraft:sand":99,"minecraft:ink_sac":14,"minecraft:red_terracotta":1,"alexsmobs:animal_dictionary":2,"minecraft:mossy_cobblestone":3,"minecraft:dark_prismarine":2,"minecraft:diamond":22,"alexsmobs:rattlesnake_rattle":3,"minecraft:golden_apple":1,"alexsmobs:moose_ribs":5,"minecraft:emerald":8,"minecraft:charcoal":2,"minecraft:cocoa_beans":3,"minecraft:coarse_dirt":8,"minecraft:crafting_table":10,"minecraft:chicken":2,"minecraft:turtle_helmet":1,"minecraft:leather_leggings":1,"minecraft:wooden_pickaxe":1,"morearmor:magma_armor_leggings":1,"morearmor:magma_armor_helmet":1,"minecraft:cornflower":10,"morearmor:magma_armor_boots":1,"minecraft:iron_axe":2,"minecraft:blackstone":60,"minecraft:cyan_carpet":6,"minecraft:cartography_table":1,"minecraft:beef":16,"minecraft:player_head":1,"minecraft:poppy":9,"minecraft:dark_oak_sapling":4,"minecraft:raw_iron":232,"minecraft:stone":6,"morearmor:lapis_armor_helmet":2,"morearmor:power_dust":4,"minecraft:bowl":1,"minecraft:redstone":62,"morearmor:cobblestone_armor_boots":2,"minecraft:arrow":59,"minecraft:mutton":23,"minecraft:rail":8,"minecraft:white_wool":13,"minecraft:oxeye_daisy":13,"minecraft:leather":21,"alexsmobs:skreecher_soul":1,"minecraft:oak_log":15,"minecraft:gunpowder":8,"minecraft:white_banner":3,"minecraft:red_sandstone":1,"minecraft:spore_blossom":1,"minecraft:iron_ingot":74,"minecraft:music_disc_far":1,"minecraft:stone_pickaxe":6,"minecraft:book":71,"minecraft:smooth_basalt":3,"minecraft:dandelion":7,"morearmor:cobblestone_armor_leggings":1,"minecraft:gravel":2,"justhammers:stone_hammer":1,"minecraft:blast_furnace":1,"minecraft:white_bed":5,"minecraft:spruce_log":9,"morearmor:lapis_armor_leggings":1,"minecraft:dark_oak_fence_gate":1,"minecraft:spider_eye":18,"morearmor:cobblestone_armor_helmet":1,"travelersbackpack:standard":2,"minecraft:stone_axe":1,"minecraft:cherry_sapling":4,"minecraft:terracotta":1,"minecraft:black_wool":1,"minecraft:coal":311,"minecraft:ender_pearl":1},"minecraft:dropped":{"minecraft:lapis_lazuli":62,"minecraft:spore_blossom":1,"minecraft:red_sandstone":1,"minecraft:leather":9,"minecraft:rail":3,"minecraft:light_weighted_pressure_plate":1,"minecraft:dirt":8,"minecraft:cornflower":2,"minecraft:snowball":6,"minecraft:sand":35,"minecraft:white_wool":10,"minecraft:cyan_carpet":6,"minecraft:gold_ingot":1,"morearmor:lapis_armor_helmet":2,"minecraft:gravel":2,"biomesoplenty:toadstool":1,"minecraft:stone_axe":1,"minecraft:blackstone":45,"alexsmobs:animal_dictionary":1,"minecraft:cobbled_deepslate":468,"minecraft:rotten_flesh":1,"minecraft:oak_planks":10,"justhammers:iron_hammer":3,"alexsmobs:emu_egg":1,"minecraft:dark_oak_fence_gate":1,"morearmor:magma_armor_leggings":1,"justhammers:stone_hammer":2,"minecraft:leather_chestplate":2,"minecraft:gunpowder":6,"minecraft:charcoal":2,"minecraft:lingering_potion":2,"minecraft:chainmail_boots":1,"minecraft:leather_leggings":1,"minecraft:arrow":10,"morearmor:cobblestone_armor_chestplate":3,"minecraft:iron_ingot":37,"minecraft:wheat_seeds":5,"minecraft:mossy_cobblestone":3,"minecraft:oak_fence":3,"minecraft:feather":12,"minecraft:cobblestone":1095,"alexsmobs:rattlesnake_rattle":3,"minecraft:activator_rail":3,"minecraft:tropical_fish":1,"minecraft:spruce_stairs":1,"minecraft:coal":12,"minecraft:mushroom_stew":2,"minecraft:stick":17,"minecraft:oxeye_daisy":7,"minecraft:diorite":33,"minecraft:torch":1,"biomesoplenty:brimstone":7,"minecraft:wooden_axe":2,"minecraft:brown_wool":1,"travelersbackpack:blank_upgrade":1,"minecraft:potion":2,"minecraft:iron_axe":1,"minecraft:string":4,"minecraft:pink_petals":2,"minecraft:smooth_basalt":2,"morearmor:cobblestone_armor_helmet":2,"minecraft:coarse_dirt":8,"minecraft:cocoa_beans":3,"minecraft:bowl":2,"minecraft:tuff":16,"minecraft:raw_iron":2,"minecraft:iron_boots":1,"morearmor:cobblestone_armor_leggings":2,"minecraft:white_terracotta":2,"minecraft:red_terracotta":1,"minecraft:lightning_rod":3,"minecraft:cobblestone_slab":3,"minecraft:stone":12,"biomesoplenty:fir_planks":87,"minecraft:spruce_planks":4,"morearmor:cobblestone_armor_boots":3,"minecraft:spider_eye":15,"minecraft:bow":4,"minecraft:stone_pickaxe":5,"minecraft:wooden_pickaxe":2,"minecraft:calcite":3,"minecraft:magma_block":30,"minecraft:dark_prismarine":2,"minecraft:black_wool":1},"minecraft:broken":{"minecraft:wooden_sword":1,"minecraft:stone_axe":1,"minecraft:iron_axe":3,"minecraft:iron_pickaxe":1},"minecraft:custom":{"minecraft:interact_with_crafting_table":116,"minecraft:open_barrel":20,"minecraft:eat_cake_slice":2,"minecraft:leave_game":8,"minecraft:time_since_death":254509,"minecraft:sprint_one_cm":1111824,"minecraft:drop":199,"minecraft:play_time":354489,"minecraft:deaths":1,"minecraft:jump":5557,"minecraft:walk_on_water_one_cm":20668,"minecraft:interact_with_furnace":177,"minecraft:interact_with_cartography_table":1,"minecraft:sleep_in_bed":7,"minecraft:damage_dealt":24778,"minecraft:crouch_one_cm":3189,"minecraft:interact_with_smithing_table":9,"minecraft:interact_with_anvil":3,"minecraft:mob_kills":149,"minecraft:climb_one_cm":3584,"minecraft:walk_one_cm":866948,"minecraft:sneak_time":1176,"minecraft:walk_under_water_one_cm":8222,"minecraft:interact_with_blast_furnace":2,"minecraft:total_world_time":354489,"minecraft:tune_noteblock":21,"minecraft:time_since_rest":7440,"minecraft:damage_absorbed":69,"minecraft:damage_taken":5012,"minecraft:swim_one_cm":24356,"minecraft:fly_one_cm":959986,"minecraft:open_chest":58,"minecraft:fall_one_cm":136632},"minecraft:killed":{"minecraft:witch":1,"minecraft:spider":16,"minecraft:skeleton":43,"alexsmobs:banana_slug":1,"minecraft:chicken":2,"minecraft:pig":3,"minecraft:creeper":4,"minecraft:sheep":9,"minecraft:goat":1,"minecraft:zombie":45,"minecraft:cow":7,"alexsmobs:seagull":2,"alexsmobs:rattlesnake":2,"creeperoverhaul:snowy_creeper":1,"minecraft:horse":1,"alexsmobs:skreecher":1,"minecraft:husk":2,"minecraft:rabbit":1,"alexsmobs:cockroach":1,"alexsmobs:moose":2,"minecraft:enderman":3},"minecraft:killed_by":{"minecraft:zombie":1},"minecraft:used":{"minecraft:cherry_sapling":4,"minecraft:iron_shovel":127,"minecraft:chest":2,"minecraft:iron_sword":40,"morearmor:cobblestone_armor_helmet":3,"minecraft:rotten_flesh":33,"minecraft:tuff":2,"minecraft:glass":3,"minecraft:lava_bucket":1,"minecraft:iron_helmet":3,"minecraft:golden_sword":13,"minecraft:magma_block":4,"minecraft:bow":37,"minecraft:furnace":14,"minecraft:dark_oak_sapling":4,"travelersbackpack:cow":4,"minecraft:oak_planks":2,"minecraft:stone_pickaxe":44,"minecraft:wooden_pickaxe":5,"biomesoplenty:fir_planks":46,"minecraft:golden_apple":2,"minecraft:glow_berries":23,"minecraft:mushroom_stew":1,"minecraft:lingering_potion":4,"minecraft:melon_slice":4,"minecraft:bread":25,"alexsmobs:cooked_moose_ribs":3,"minecraft:wooden_sword":69,"minecraft:smithing_table":1,"minecraft:cooked_rabbit":2,"minecraft:bone_meal":57,"biomesoplenty:brimstone":10,"minecraft:flint_and_steel":43,"minecraft:spruce_planks":4,"minecraft:cooked_chicken":2,"minecraft:torch":128,"minecraft:dirt":23,"minecraft:anvil":1,"minecraft:wooden_axe":30,"minecraft:iron_axe":566,"minecraft:cooked_beef":15,"minecraft:cobbled_deepslate":8,"minecraft:cooked_mutton":17,"minecraft:cherry_planks":3,"minecraft:crafting_table":18,"minecraft:white_bed":5,"justhammers:iron_hammer":290,"minecraft:apple":1,"minecraft:iron_pickaxe":274,"justhammers:stone_hammer":61,"minecraft:stone_axe":69,"minecraft:cobblestone":164,"travelersbackpack:standard":23,"minecraft:white_banner":3,"minecraft:cooked_porkchop":13,"minecraft:bucket":7,"alexsmobs:emu_egg":1},"minecraft:mined":{"minecraft:white_bed":5,"minecraft:cherry_log":8,"minecraft:sculk_vein":4,"minecraft:brewing_stand":1,"minecraft:grass_block":16,"minecraft:oxeye_daisy":14,"minecraft:spawner":5,"minecraft:magma_block":1,"minecraft:iron_ore":59,"minecraft:fire":4,"minecraft:deepslate_lapis_ore":3,"minecraft:sculk_shrieker":1,"minecraft:player_head":1,"minecraft:waxed_cut_copper_stairs":1,"minecraft:deepslate_redstone_ore":7,"minecraft:blackstone":2,"minecraft:soul_lantern":1,"minecraft:torch":11,"minecraft:blast_furnace":1,"minecraft:calcite":3,"minecraft:poppy":9,"minecraft:cobblestone":2,"minecraft:oak_planks":2,"minecraft:wall_torch":4,"minecraft:pink_petals":1,"biomesoplenty:fir_log":18,"minecraft:grass":37,"minecraft:oak_log":15,"minecraft:dark_oak_sapling":3,"minecraft:sand":99,"minecraft:dirt":15,"minecraft:smooth_basalt":1,"minecraft:oak_leaves":1,"minecraft:deepslate":26,"minecraft:dark_prismarine":2,"minecraft:tuff":1,"minecraft:mossy_cobblestone":1,"minecraft:dark_oak_leaves":12,"minecraft:deepslate_diamond_ore":3,"minecraft:cherry_sapling":1,"minecraft:dark_oak_log":6,"minecraft:spruce_leaves":2,"minecraft:cartography_table":1,"minecraft:spore_blossom":1,"minecraft:furnace":9,"biomesoplenty:toadstool":1,"minecraft:snow":7,"minecraft:dark_oak_fence_gate":1,"minecraft:gold_block":1,"minecraft:bookshelf":12,"minecraft:deepslate_iron_ore":45,"minecraft:rail":3,"minecraft:bamboo":1,"minecraft:stone":55,"minecraft:cake":1,"morearmor:power_ore":2,"minecraft:dandelion":7,"travelersbackpack:standard":1,"minecraft:crafting_table":10,"minecraft:cornflower":11,"minecraft:emerald_ore":2,"biomesoplenty:fir_planks":24,"minecraft:sculk_sensor":1,"minecraft:campfire":1,"minecraft:lightning_rod":2,"minecraft:tall_grass":2,"minecraft:deepslate_coal_ore":1,"biomesoplenty:sprout":1,"minecraft:deepslate_gold_ore":19,"minecraft:sculk":1,"minecraft:diorite":3,"minecraft:spruce_stairs":1,"minecraft:coarse_dirt":4,"minecraft:spruce_log":7,"minecraft:white_wall_banner":3,"minecraft:coal_ore":45,"minecraft:cocoa":1,"biomesoplenty:fir_leaves":20,"minecraft:cherry_leaves":26,"minecraft:gravel":1,"minecraft:small_dripleaf":1,"minecraft:fern":27}},"DataVersion":3465}