{"stats":{"minecraft:dropped":{"minecraft:wheat_seeds":1,"minecraft:spore_blossom":1,"minecraft:red_sandstone":1,"minecraft:oak_fence":3,"minecraft:cobblestone":778,"alexsmobs:rattlesnake_rattle":3,"minecraft:rail":3,"minecraft:dirt":7,"minecraft:diorite":7,"minecraft:torch":1,"minecraft:wooden_axe":2,"minecraft:brown_wool":1,"minecraft:string":2,"minecraft:gravel":2,"morearmor:cobblestone_armor_helmet":2,"minecraft:stone_axe":1,"minecraft:cobbled_deepslate":104,"minecraft:cocoa_beans":3,"minecraft:tuff":8,"minecraft:oak_planks":10,"minecraft:iron_boots":1,"morearmor:cobblestone_armor_leggings":2,"minecraft:white_terracotta":2,"alexsmobs:emu_egg":1,"minecraft:red_terracotta":1,"morearmor:magma_armor_leggings":1,"justhammers:stone_hammer":2,"minecraft:stone":12,"minecraft:gunpowder":6,"minecraft:lingering_potion":2,"morearmor:cobblestone_armor_boots":3,"minecraft:spider_eye":7,"minecraft:wooden_pickaxe":2,"minecraft:stone_pickaxe":3,"morearmor:cobblestone_armor_chestplate":3},"minecraft:killed":{"minecraft:spider":8,"alexsmobs:rattlesnake":2,"minecraft:skeleton":17,"minecraft:husk":1,"minecraft:pig":2,"minecraft:rabbit":1,"minecraft:creeper":1,"minecraft:sheep":5,"minecraft:zombie":20},"minecraft:used":{"morearmor:cobblestone_armor_helmet":3,"minecraft:rotten_flesh":11,"minecraft:torch":109,"minecraft:wooden_axe":30,"minecraft:iron_axe":96,"minecraft:iron_helmet":3,"minecraft:furnace":7,"minecraft:cooked_beef":3,"minecraft:cooked_mutton":11,"minecraft:stone_pickaxe":44,"minecraft:oak_planks":2,"minecraft:wooden_pickaxe":5,"minecraft:glow_berries":13,"minecraft:crafting_table":10,"minecraft:white_bed":2,"minecraft:lingering_potion":4,"justhammers:iron_hammer":130,"minecraft:bread":8,"minecraft:melon_slice":4,"minecraft:iron_pickaxe":75,"justhammers:stone_hammer":61,"minecraft:stone_axe":69,"minecraft:wooden_sword":69,"minecraft:cobblestone":88,"travelersbackpack:standard":2,"minecraft:cooked_porkchop":4,"minecraft:cooked_rabbit":2,"alexsmobs:emu_egg":1},"minecraft:mined":{"minecraft:white_bed":2,"minecraft:deepslate_diamond_ore":3,"minecraft:spore_blossom":1,"minecraft:magma_block":1,"minecraft:furnace":6,"minecraft:fire":1,"minecraft:deepslate_lapis_ore":3,"minecraft:deepslate_iron_ore":36,"minecraft:rail":3,"minecraft:stone":36,"minecraft:deepslate_redstone_ore":2,"minecraft:blackstone":2,"minecraft:crafting_table":7,"minecraft:torch":8,"minecraft:cobblestone":2,"minecraft:deepslate_gold_ore":16,"minecraft:wall_torch":3,"minecraft:grass":13,"minecraft:oak_log":15,"minecraft:cocoa":1,"minecraft:gravel":1,"minecraft:smooth_basalt":1,"minecraft:oak_leaves":1,"minecraft:deepslate":16,"minecraft:fern":2},"minecraft:killed_by":{"minecraft:zombie":1},"minecraft:custom":{"minecraft:mob_kills":57,"minecraft:interact_with_crafting_table":38,"minecraft:time_since_death":7246,"minecraft:climb_one_cm":183,"minecraft:sprint_one_cm":325456,"minecraft:walk_one_cm":287791,"minecraft:drop":79,"minecraft:play_time":107226,"minecraft:deaths":1,"minecraft:sneak_time":593,"minecraft:walk_under_water_one_cm":5189,"minecraft:jump":1704,"minecraft:walk_on_water_one_cm":5453,"minecraft:total_world_time":107226,"minecraft:interact_with_furnace":68,"minecraft:sleep_in_bed":2,"minecraft:time_since_rest":7477,"minecraft:damage_taken":2205,"minecraft:damage_dealt":10091,"minecraft:swim_one_cm":7005,"minecraft:fly_one_cm":229409,"minecraft:crouch_one_cm":1201,"minecraft:fall_one_cm":36564},"minecraft:broken":{"minecraft:wooden_sword":1,"minecraft:stone_axe":1},"minecraft:crafted":{"morearmor:magma_armor_leggings":1,"minecraft:wooden_sword":1,"minecraft:oak_planks":60,"minecraft:furnace":4,"minecraft:stone":9,"minecraft:cooked_mutton":11,"morearmor:cobblestone_armor_boots":1,"morearmor:cobblestone_armor_chestplate":1,"minecraft:iron_boots":1,"minecraft:iron_axe":1,"morearmor:cobblestone_armor_leggings":1,"minecraft:stone_pickaxe":1,"morearmor:magma_armor_helmet":1,"morearmor:magma_armor_boots":1,"minecraft:cooked_rabbit":2,"minecraft:cooked_beef":3,"minecraft:cooked_porkchop":4,"morearmor:cobblestone_armor_helmet":1,"minecraft:crafting_table":3,"minecraft:wooden_pickaxe":1,"minecraft:iron_helmet":1,"minecraft:stone_axe":1,"minecraft:air":0,"justhammers:iron_hammer":2,"minecraft:iron_chestplate":1,"justhammers:stone_hammer":1,"morearmor:lapis_armor_leggings":1,"minecraft:stick":20,"minecraft:iron_ingot":77,"minecraft:wooden_axe":1,"minecraft:iron_leggings":1,"minecraft:white_bed":1,"minecraft:torch":36},"minecraft:picked_up":{"minecraft:wooden_axe":1,"minecraft:cocoa_beans":3,"minecraft:iron_chestplate":1,"minecraft:crafting_table":7,"minecraft:wooden_pickaxe":1,"minecraft:enchanted_book":1,"morearmor:magma_armor_leggings":1,"morearmor:magma_armor_helmet":1,"morearmor:magma_armor_boots":1,"minecraft:string":12,"minecraft:iron_axe":1,"minecraft:raw_copper":37,"minecraft:blackstone":30,"minecraft:cobbled_deepslate":338,"minecraft:beef":2,"minecraft:iron_pickaxe":1,"minecraft:melon_slice":4,"minecraft:iron_boots":1,"minecraft:furnace":7,"minecraft:stick":9,"minecraft:raw_iron":117,"minecraft:stone":6,"minecraft:oak_fence":4,"minecraft:torch":22,"minecraft:porkchop":4,"minecraft:diorite":7,"morearmor:cobblestone_armor_boots":2,"minecraft:redstone":41,"minecraft:arrow":30,"minecraft:rotten_flesh":13,"morearmor:cobblestone_armor_chestplate":2,"alexsmobs:emu_egg":2,"minecraft:white_terracotta":2,"minecraft:mutton":18,"minecraft:rail":8,"minecraft:white_wool":8,"minecraft:cobblestone":1033,"minecraft:magma_block":72,"minecraft:brown_wool":1,"minecraft:leather":3,"minecraft:tuff":8,"minecraft:oak_log":15,"minecraft:gunpowder":6,"minecraft:lapis_lazuli":181,"minecraft:dirt":7,"minecraft:bone":34,"minecraft:red_sandstone":1,"minecraft:wheat_seeds":1,"minecraft:raw_gold":92,"minecraft:spore_blossom":1,"minecraft:iron_ingot":40,"minecraft:stone_pickaxe":6,"minecraft:rabbit":2,"minecraft:oak_planks":11,"minecraft:smooth_basalt":2,"justhammers:iron_hammer":2,"morearmor:cobblestone_armor_leggings":1,"minecraft:gravel":2,"justhammers:stone_hammer":1,"minecraft:white_bed":3,"morearmor:lapis_armor_leggings":1,"alexsmobs:animal_dictionary":1,"minecraft:red_terracotta":1,"minecraft:spider_eye":13,"morearmor:cobblestone_armor_helmet":1,"travelersbackpack:standard":1,"minecraft:diamond":22,"minecraft:stone_axe":1,"alexsmobs:rattlesnake_rattle":3,"minecraft:golden_apple":1,"minecraft:terracotta":1,"minecraft:black_wool":1,"minecraft:coal":75}},"DataVersion":3465}