{"stats":{"minecraft:dropped":{"minecraft:wheat_seeds":1,"alexsmobs:gazelle_horn":2,"minecraft:stone_sword":2,"alexsmobs:animal_dictionary":2,"minecraft:granite":17,"minecraft:dirt":1,"minecraft:jungle_sapling":2,"alexsmobs:emu_feather":1,"morearmor:cobblestone_armor_chestplate":1,"minecraft:wooden_pickaxe":1},"minecraft:killed":{"minecraft:pig":2,"minecraft:spider":1,"alexsmobs:emu":1,"minecraft:skeleton":1,"minecraft:zombie":6,"minecraft:chicken":4,"alexsmobs:gazelle":2,"minecraft:cow":4},"minecraft:used":{"minecraft:stone_sword":43,"minecraft:stone_pickaxe":259,"minecraft:wooden_pickaxe":67,"minecraft:iron_sword":13,"minecraft:cooked_chicken":3,"minecraft:torch":3,"minecraft:dirt":7,"minecraft:crafting_table":6,"minecraft:melon_slice":5,"minecraft:iron_pickaxe":23,"minecraft:stone_axe":106,"minecraft:cobblestone":60,"minecraft:furnace":3,"minecraft:cooked_porkchop":4,"minecraft:egg":3},"minecraft:mined":{"minecraft:orange_terracotta":1,"minecraft:jungle_leaves":12,"minecraft:crafting_table":6,"minecraft:granite":18,"minecraft:grass_block":2,"minecraft:jungle_log":106,"minecraft:cobblestone":2,"minecraft:wall_torch":1,"minecraft:furnace":3,"minecraft:iron_ore":1,"minecraft:andesite":16,"minecraft:oak_log":4,"minecraft:grass":6,"minecraft:coal_ore":26,"minecraft:deepslate_iron_ore":27,"minecraft:vine":3,"minecraft:dirt":8,"minecraft:terracotta":15,"minecraft:stone":230,"minecraft:oak_leaves":9,"minecraft:deepslate":6},"minecraft:killed_by":{"alexsmobs:centipede_head":1},"minecraft:custom":{"minecraft:interact_with_furnace":19,"minecraft:mob_kills":21,"minecraft:interact_with_crafting_table":16,"minecraft:leave_game":3,"minecraft:time_since_death":19000,"minecraft:climb_one_cm":9641,"minecraft:time_since_rest":19101,"minecraft:sprint_one_cm":116148,"minecraft:damage_taken":756,"minecraft:walk_one_cm":90636,"minecraft:drop":12,"minecraft:damage_dealt":3090,"minecraft:swim_one_cm":313,"minecraft:fly_one_cm":210800,"minecraft:crouch_one_cm":4497,"minecraft:play_time":56097,"minecraft:deaths":3,"minecraft:sneak_time":2632,"minecraft:walk_under_water_one_cm":1267,"minecraft:jump":1226,"minecraft:walk_on_water_one_cm":2815,"minecraft:total_world_time":56097,"minecraft:fall_one_cm":33300},"minecraft:broken":{"minecraft:stone_pickaxe":1,"minecraft:wooden_pickaxe":1},"minecraft:picked_up":{"minecraft:lingering_potion":1,"minecraft:crafting_table":6,"minecraft:feather":6,"minecraft:chicken":4,"minecraft:andesite":16,"minecraft:jungle_log":106,"minecraft:leather":4,"minecraft:oak_log":4,"alexsmobs:gazelle_horn":2,"minecraft:dirt":10,"minecraft:orange_terracotta":1,"minecraft:wheat_seeds":1,"alexsmobs:emu_feather":1,"minecraft:cobbled_deepslate":9,"minecraft:beef":7,"minecraft:jungle_sapling":3,"minecraft:melon_slice":5,"minecraft:egg":3,"minecraft:furnace":3,"minecraft:stick":8,"minecraft:raw_iron":29,"minecraft:torch":2,"minecraft:porkchop":6,"alexsmobs:animal_dictionary":1,"minecraft:rotten_flesh":4,"minecraft:stone_sword":1,"minecraft:arrow":2,"minecraft:granite":18,"minecraft:terracotta":15,"minecraft:oak_sapling":7,"minecraft:mutton":2,"minecraft:coal":26,"minecraft:cobblestone":232},"minecraft:crafted":{"minecraft:cooked_beef":7,"minecraft:oak_planks":16,"minecraft:cooked_porkchop":6,"minecraft:crafting_table":2,"morearmor:cobblestone_armor_helmet":1,"minecraft:wooden_pickaxe":2,"minecraft:cooked_chicken":4,"minecraft:iron_sword":1,"minecraft:furnace":2,"minecraft:stone_axe":1,"minecraft:air":0,"minecraft:jungle_planks":148,"morearmor:cobblestone_armor_boots":1,"morearmor:cobblestone_armor_chestplate":1,"minecraft:iron_chestplate":1,"morearmor:jungle_armor_helmet":1,"morearmor:cobblestone_armor_leggings":1,"minecraft:stick":24,"minecraft:iron_ingot":14,"minecraft:iron_pickaxe":1,"minecraft:stone_pickaxe":3,"minecraft:stone_sword":1,"minecraft:torch":8}},"DataVersion":3465}