{"stats":{"minecraft:crafted":{"minecraft:oak_planks":16,"travelersbackpack:crafting_upgrade":1,"minecraft:cooked_chicken":4,"minecraft:stone":128,"minecraft:bookshelf":38,"minecraft:cooked_mutton":6,"minecraft:glass":91,"minecraft:diamond_helmet":1,"minecraft:diamond_leggings":1,"minecraft:iron_boots":1,"morearmor:jungle_armor_helmet":1,"justhammers:diamond_hammer":1,"minecraft:chest":65,"minecraft:stone_hoe":1,"minecraft:cherry_fence":117,"minecraft:golden_boots":1,"minecraft:cooked_porkchop":21,"morearmor:cobblestone_armor_helmet":1,"minecraft:diamond_axe":1,"minecraft:crafting_table":5,"minecraft:spruce_planks":184,"travelersbackpack:standard":4,"minecraft:baked_potato":80,"minecraft:wooden_pickaxe":2,"minecraft:iron_helmet":2,"minecraft:smithing_table":1,"biomesoplenty:fir_planks":784,"minecraft:iron_chestplate":2,"minecraft:diamond_pickaxe":2,"minecraft:charcoal":64,"minecraft:shield":2,"minecraft:stick":392,"minecraft:iron_ingot":167,"minecraft:iron_pickaxe":6,"minecraft:stone_sword":1,"minecraft:gold_ingot":40,"minecraft:cherry_planks":388,"minecraft:furnace":5,"minecraft:jungle_trapdoor":2,"minecraft:bone_meal":582,"travelersbackpack:blank_upgrade":4,"minecraft:cherry_trapdoor":2,"morearmor:cobblestone_armor_boots":2,"travelersbackpack:white_sleeping_bag":1,"morearmor:cobblestone_armor_chestplate":2,"minecraft:leather":8,"minecraft:iron_axe":4,"morearmor:cobblestone_armor_leggings":2,"minecraft:iron_hoe":4,"minecraft:stone_pickaxe":4,"minecraft:diamond_boots":1,"minecraft:cobbled_deepslate_stairs":408,"minecraft:wheat":153,"travelersbackpack:diamond_tier_upgrade":1,"travelersbackpack:spider":1,"minecraft:cooked_beef":22,"minecraft:bone_block":32,"minecraft:diamond_sword":2,"minecraft:enchanting_table":1,"travelersbackpack:backpack_tank":5,"alexsmobs:cooked_kangaroo_meat":20,"minecraft:iron_sword":2,"minecraft:bucket":3,"minecraft:stone_axe":2,"minecraft:air":0,"minecraft:bread":51,"minecraft:jungle_planks":404,"justhammers:iron_hammer":9,"minecraft:white_wool":35,"minecraft:wooden_axe":2,"minecraft:iron_shovel":2,"minecraft:iron_leggings":1,"minecraft:torch":780,"minecraft:diamond_chestplate":1},"minecraft:mined":{"minecraft:large_amethyst_bud":1,"minecraft:cobbled_deepslate_stairs":86,"minecraft:cherry_log":100,"minecraft:sculk_vein":50,"minecraft:jungle_leaves":12,"biomesoplenty:brimstone":6,"minecraft:obsidian":2,"minecraft:granite":57,"biomesoplenty:bramble":15,"minecraft:red_sand":6,"minecraft:grass_block":139,"biomesoplenty:rose_quartz_block":22,"minecraft:jungle_log":106,"minecraft:oak_pressure_plate":1,"minecraft:spawner":4,"biomesoplenty:blackstone_bulb":1,"biomesoplenty:bramble_leaves":1,"minecraft:magma_block":77,"biomesoplenty:tall_lavender":1,"minecraft:sculk_catalyst":4,"minecraft:iron_ore":119,"minecraft:fire":17,"minecraft:cobbled_deepslate":13,"biomesoplenty:lavender":32,"minecraft:deepslate_lapis_ore":3,"minecraft:enchanting_table":1,"minecraft:dirt_path":1,"minecraft:green_bed":8,"minecraft:tripwire":1,"minecraft:deepslate_redstone_ore":12,"minecraft:blackstone":255,"minecraft:smoker":4,"minecraft:orange_terracotta":1,"minecraft:torch":20,"minecraft:light_gray_terracotta":1,"minecraft:calcite":1,"minecraft:chest":15,"minecraft:glass":2,"minecraft:nether_quartz_ore":547,"minecraft:cobblestone":18,"minecraft:oak_planks":1,"minecraft:sugar_cane":36,"minecraft:wall_torch":23,"minecraft:amethyst_block":1,"minecraft:cherry_fence":50,"minecraft:wheat":85,"biomesoplenty:large_rose_quartz_bud":3,"minecraft:tnt":5,"biomesoplenty:fir_log":581,"minecraft:grass":36,"minecraft:oak_log":4,"minecraft:dirt":106,"minecraft:sand":234,"biomesoplenty:fir_sapling":6,"minecraft:smooth_basalt":13,"minecraft:netherrack":380,"minecraft:oak_leaves":10,"minecraft:deepslate":135,"minecraft:infested_deepslate":2,"minecraft:nether_gold_ore":2,"minecraft:deepslate_tiles":2,"minecraft:tuff":13,"minecraft:deepslate_diamond_ore":39,"gravestone:gravestone":3,"biomesoplenty:bush":2,"biomesoplenty:white_petals":4,"minecraft:spruce_leaves":55,"minecraft:rooted_dirt":1,"minecraft:hay_block":17,"minecraft:furnace":13,"minecraft:carrots":64,"minecraft:snow":36,"minecraft:andesite":17,"minecraft:bookshelf":24,"minecraft:potatoes":46,"minecraft:deepslate_iron_ore":117,"biomesoplenty:brimstone_bud":1,"minecraft:vine":3,"minecraft:rail":1,"minecraft:stone":479,"biomesoplenty:rose_quartz_cluster":5,"morearmor:power_ore":12,"minecraft:bone_block":130,"minecraft:smithing_table":2,"minecraft:cherry_planks":22,"travelersbackpack:standard":1,"minecraft:crafting_table":20,"minecraft:emerald_ore":1,"biomesoplenty:fir_planks":21,"biomesoplenty:snowblossom_leaves":9,"minecraft:sculk_sensor":6,"minecraft:lectern":1,"minecraft:copper_ore":4,"minecraft:tall_grass":2,"minecraft:deepslate_gold_ore":53,"minecraft:sculk":693,"biomesoplenty:snowblossom_sapling":1,"minecraft:ice":15,"minecraft:spruce_log":104,"minecraft:coal_ore":275,"biomesoplenty:fir_leaves":21,"minecraft:gravel":6,"minecraft:cobweb":132,"minecraft:terracotta":17,"minecraft:gold_ore":11,"minecraft:fern":18},"minecraft:used":{"minecraft:iron_shovel":471,"minecraft:chest":25,"minecraft:shield":85,"minecraft:iron_sword":190,"minecraft:iron_chestplate":1,"minecraft:jungle_planks":5,"minecraft:carrot":187,"minecraft:glass":37,"minecraft:lava_bucket":7,"biomesoplenty:fir_sapling":46,"minecraft:iron_helmet":1,"minecraft:furnace":17,"minecraft:egg":3,"minecraft:potato":136,"travelersbackpack:spider":1,"minecraft:diamond_boots":1,"minecraft:stone_pickaxe":520,"minecraft:blackstone":308,"minecraft:wooden_pickaxe":67,"biomesoplenty:fir_planks":147,"minecraft:cobbled_deepslate_stairs":428,"minecraft:melon_slice":5,"minecraft:bread":56,"morearmor:cobblestone_armor_leggings":1,"minecraft:diamond_sword":538,"morearmor:cobblestone_armor_chestplate":1,"minecraft:smithing_table":3,"minecraft:bone_meal":270,"minecraft:experience_bottle":282,"minecraft:enchanting_table":2,"minecraft:stone_sword":43,"minecraft:cooked_chicken":4,"minecraft:stone_hoe":135,"minecraft:netherrack":142,"minecraft:torch":920,"minecraft:dirt":150,"minecraft:anvil":1,"alexsmobs:cooked_kangaroo_meat":8,"minecraft:jungle_trapdoor":2,"biomesoplenty:snowblossom_sapling":29,"minecraft:iron_hoe":889,"minecraft:wooden_axe":42,"minecraft:bookshelf":38,"minecraft:iron_axe":992,"minecraft:cherry_trapdoor":1,"minecraft:iron_boots":2,"minecraft:cherry_fence":159,"minecraft:cooked_beef":22,"minecraft:cherry_log":1,"minecraft:cobbled_deepslate":227,"minecraft:iron_leggings":1,"minecraft:wheat_seeds":164,"minecraft:cooked_mutton":6,"minecraft:water_bucket":52,"minecraft:baked_potato":42,"minecraft:cherry_planks":137,"minecraft:green_bed":8,"justhammers:diamond_hammer":507,"morearmor:cobblestone_armor_boots":1,"minecraft:tnt":1,"minecraft:crafting_table":22,"justhammers:iron_hammer":724,"minecraft:smoker":4,"minecraft:diamond_pickaxe":1178,"minecraft:iron_pickaxe":1235,"minecraft:stone_axe":192,"minecraft:cobblestone":190,"travelersbackpack:standard":12,"minecraft:cooked_porkchop":19,"minecraft:bucket":62,"biomesoplenty:fir_log":45},"minecraft:dropped":{"biomesoplenty:fir_log":195,"minecraft:iron_sword":1,"minecraft:lapis_lazuli":1,"minecraft:oak_pressure_plate":1,"minecraft:diamond":2,"minecraft:crafting_table":1,"alexsmobs:kangaroo_meat":20,"minecraft:rooted_dirt":1,"minecraft:leather":12,"biomesoplenty:rose_quartz_chunk":12,"minecraft:jungle_planks":196,"minecraft:rail":1,"minecraft:dirt":48,"biomesoplenty:rose_quartz_block":20,"minecraft:cherry_trapdoor":1,"minecraft:snowball":38,"minecraft:jungle_sapling":3,"gravestone:obituary":1,"alexsmobs:emu_feather":1,"minecraft:bone_meal":24,"minecraft:bone_block":224,"minecraft:sand":314,"minecraft:iron_pickaxe":1,"travelersbackpack:backpack_tank":1,"alexsmobs:raccoon_tail":1,"minecraft:white_wool":63,"minecraft:bone":16,"minecraft:gold_ingot":113,"minecraft:gravel":13,"minecraft:stone_axe":1,"minecraft:blackstone":19,"minecraft:sugar_cane":144,"alexsmobs:gazelle_horn":2,"alexsmobs:animal_dictionary":2,"minecraft:cobbled_deepslate":3743,"minecraft:wheat":32,"minecraft:obsidian":2,"minecraft:rotten_flesh":41,"minecraft:oak_planks":1,"morearmor:jungle_armor_helmet":1,"justhammers:iron_hammer":8,"biomesoplenty:white_petals":7,"minecraft:carrot":64,"minecraft:dune_armor_trim_smithing_template":4,"minecraft:chest":80,"alexsmobs:moose_ribs":1,"minecraft:arrow":49,"minecraft:glass":60,"minecraft:beef":13,"morearmor:cobblestone_armor_chestplate":3,"minecraft:quartz":408,"minecraft:cherry_fence":5,"minecraft:netherrack":1309,"minecraft:lectern":2,"minecraft:stone_hoe":1,"minecraft:water_bucket":2,"minecraft:iron_ingot":183,"minecraft:wheat_seeds":138,"minecraft:cobbled_deepslate_stairs":16,"minecraft:tnt":4,"minecraft:smithing_table":1,"minecraft:diamond_leggings":1,"minecraft:poisonous_potato":1,"biomesoplenty:lavender":3,"minecraft:iron_helmet":1,"minecraft:feather":6,"minecraft:cobblestone":770,"minecraft:book":8,"alexsmobs:rattlesnake_rattle":1,"minecraft:granite":36,"minecraft:grass_block":2,"minecraft:coal":64,"minecraft:golden_apple":2,"minecraft:stick":45,"minecraft:lava_bucket":1,"biomesoplenty:snowblossom_sapling":16,"minecraft:gray_wool":1,"mca:book_romance":1,"minecraft:torch":64,"minecraft:wooden_axe":2,"travelersbackpack:blank_upgrade":6,"minecraft:diamond_helmet":1,"minecraft:white_banner":1,"minecraft:iron_shovel":1,"minecraft:string":13,"minecraft:redstone":23,"minecraft:smooth_basalt":3,"minecraft:hanging_roots":10,"minecraft:furnace":5,"minecraft:stone_sword":2,"minecraft:raw_copper":14,"minecraft:light_gray_terracotta":1,"minecraft:tuff":364,"minecraft:green_bed":1,"minecraft:raw_iron":91,"minecraft:iron_hoe":2,"morearmor:cobblestone_armor_leggings":1,"minecraft:smoker":1,"morearmor:power_dust":44,"alexsmobs:cooked_kangaroo_meat":12,"minecraft:diamond_sword":1,"minecraft:potato":130,"biomesoplenty:fir_planks":18,"minecraft:diamond_chestplate":1,"minecraft:oak_sapling":7,"minecraft:golden_sword":1,"minecraft:spider_eye":3,"minecraft:diamond_boots":1,"minecraft:spruce_log":7,"minecraft:bow":3,"minecraft:red_sand":6,"minecraft:wooden_pickaxe":1,"minecraft:raw_gold":24,"minecraft:magma_block":64,"minecraft:black_wool":1,"minecraft:terracotta":2},"minecraft:custom":{"minecraft:interact_with_crafting_table":103,"minecraft:open_barrel":11,"minecraft:leave_game":18,"minecraft:time_since_death":69707,"minecraft:sprint_one_cm":1561244,"minecraft:damage_blocked_by_shield":2735,"minecraft:drop":318,"minecraft:play_time":636493,"minecraft:deaths":6,"minecraft:jump":11481,"minecraft:enchant_item":7,"minecraft:walk_on_water_one_cm":41153,"minecraft:interact_with_furnace":118,"minecraft:sleep_in_bed":17,"minecraft:damage_dealt":39030,"minecraft:crouch_one_cm":98198,"minecraft:interact_with_smoker":36,"minecraft:interact_with_smithing_table":9,"minecraft:interact_with_anvil":8,"minecraft:mob_kills":212,"minecraft:climb_one_cm":10193,"minecraft:walk_one_cm":1526037,"minecraft:sneak_time":35727,"minecraft:walk_under_water_one_cm":21824,"minecraft:total_world_time":636493,"minecraft:time_since_rest":32909,"minecraft:damage_taken":8525,"minecraft:trigger_trapped_chest":1,"minecraft:swim_one_cm":74608,"minecraft:fly_one_cm":2323444,"minecraft:open_chest":342,"minecraft:fall_one_cm":346823},"minecraft:picked_up":{"minecraft:wheat":133,"minecraft:smithing_table":4,"minecraft:diamond_sword":1,"minecraft:golden_sword":1,"alexsmobs:gazelle_horn":2,"minecraft:string":173,"minecraft:raw_copper":33,"biomesoplenty:tall_lavender":1,"minecraft:experience_bottle":3,"alexsmobs:blood_sac":2,"biomesoplenty:brimstone":5,"alexsmobs:emu_feather":1,"minecraft:diamond_leggings":1,"minecraft:red_sand":18,"minecraft:gold_nugget":140,"minecraft:cobbled_deepslate":8274,"biomesoplenty:fir_planks":45,"minecraft:iron_pickaxe":1,"alexsmobs:raccoon_tail":2,"minecraft:melon_slice":5,"minecraft:furnace":20,"biomesoplenty:rose_quartz_block":80,"minecraft:stick":123,"minecraft:torch":228,"minecraft:green_bed":9,"minecraft:porkchop":21,"minecraft:cherry_log":98,"minecraft:stone_sword":1,"minecraft:rotten_flesh":72,"morearmor:cobblestone_armor_chestplate":1,"biomesoplenty:rose_quartz_chunk":48,"biomesoplenty:white_petals":28,"minecraft:obsidian":12,"minecraft:snowball":83,"minecraft:cobblestone":1778,"biomesoplenty:lavender":29,"minecraft:enchanting_table":1,"minecraft:magma_block":256,"minecraft:dune_armor_trim_smithing_template":4,"minecraft:feather":7,"minecraft:cherry_planks":23,"minecraft:andesite":16,"minecraft:water_bucket":3,"minecraft:jungle_log":106,"minecraft:smoker":5,"minecraft:potato":330,"biomesoplenty:fir_sapling":85,"biomesoplenty:fir_log":714,"alexsmobs:bison_fur":4,"minecraft:tuff":791,"minecraft:cherry_fence":58,"alexsmobs:cooked_kangaroo_meat":12,"minecraft:lapis_lazuli":81,"minecraft:dirt":299,"biomesoplenty:snowblossom_sapling":77,"minecraft:hanging_roots":30,"minecraft:glass":99,"minecraft:bone":28,"travelersbackpack:backpack_tank":2,"minecraft:bow":3,"minecraft:wheat_seeds":535,"minecraft:raw_gold":148,"minecraft:diamond_helmet":1,"minecraft:stone_hoe":1,"minecraft:oak_planks":5,"minecraft:oak_pressure_plate":1,"minecraft:poisonous_potato":2,"justhammers:iron_hammer":2,"minecraft:sand":609,"minecraft:jungle_planks":204,"minecraft:grass_block":6,"alexsmobs:animal_dictionary":1,"minecraft:iron_hoe":3,"minecraft:light_gray_terracotta":1,"alexsmobs:kangaroo_hide":16,"minecraft:diamond":63,"minecraft:crossbow":1,"alexsmobs:rattlesnake_rattle":4,"minecraft:granite":37,"minecraft:bone_meal":48,"minecraft:golden_apple":2,"alexsmobs:moose_ribs":4,"minecraft:emerald":1,"minecraft:rooted_dirt":3,"minecraft:oak_sapling":7,"minecraft:netherrack":3842,"minecraft:lingering_potion":1,"minecraft:crafting_table":22,"minecraft:chicken":5,"minecraft:shield":1,"minecraft:iron_shovel":3,"minecraft:blackstone":358,"minecraft:beef":57,"minecraft:jungle_sapling":3,"minecraft:lectern":5,"minecraft:sugar_cane":118,"minecraft:chest":95,"minecraft:cherry_trapdoor":2,"minecraft:phantom_membrane":1,"minecraft:egg":4,"minecraft:raw_iron":322,"morearmor:power_dust":110,"minecraft:carrot":404,"minecraft:redstone":178,"minecraft:tnt":13,"minecraft:arrow":102,"minecraft:diamond_chestplate":1,"minecraft:diamond_boots":1,"minecraft:hay_block":27,"minecraft:gold_ingot":113,"minecraft:mutton":8,"minecraft:bone_block":544,"minecraft:rail":1,"alexsmobs:kangaroo_meat":40,"minecraft:white_wool":131,"minecraft:leather":29,"minecraft:oak_log":4,"minecraft:cobbled_deepslate_stairs":97,"minecraft:gunpowder":4,"alexsmobs:mosquito_proboscis":2,"minecraft:white_banner":3,"minecraft:orange_terracotta":1,"minecraft:iron_ingot":197,"minecraft:iron_sword":2,"travelersbackpack:blank_upgrade":6,"minecraft:book":129,"minecraft:smooth_basalt":15,"minecraft:quartz":997,"minecraft:gravel":24,"minecraft:lava_bucket":1,"minecraft:spruce_sapling":3,"minecraft:spruce_log":95,"minecraft:spider_eye":15,"travelersbackpack:standard":1,"biomesoplenty:bramble":24,"minecraft:stone_axe":1,"minecraft:gray_wool":1,"minecraft:terracotta":17,"minecraft:black_wool":1,"minecraft:coal":473,"minecraft:wooden_axe":2,"minecraft:ender_pearl":2},"minecraft:killed_by":{"minecraft:zombified_piglin":1,"creeperoverhaul:cave_creeper":1,"minecraft:zombie":1,"alexsmobs:centipede_head":1},"minecraft:killed":{"minecraft:cave_spider":10,"minecraft:zombified_piglin":4,"minecraft:spider":16,"minecraft:skeleton":28,"minecraft:chicken":5,"minecraft:silverfish":4,"alexsmobs:kangaroo":14,"minecraft:piglin":8,"minecraft:pig":9,"minecraft:creeper":3,"alexsmobs:crimson_mosquito":1,"minecraft:sheep":4,"minecraft:pillager":3,"minecraft:zombie":60,"minecraft:cow":12,"alexsmobs:dropbear":1,"mca:female_zombie_villager":1,"alexsmobs:raccoon":1,"alexsmobs:rattlesnake":1,"minecraft:phantom":1,"creeperoverhaul:snowy_creeper":4,"minecraft:horse":5,"alexsmobs:bison":3,"alexsmobs:emu":1,"alexsmobs:gazelle":2,"alexsmobs:moose":1,"minecraft:enderman":4},"minecraft:broken":{"minecraft:iron_boots":1,"minecraft:iron_chestplate":1,"morearmor:cobblestone_armor_boots":1,"minecraft:iron_leggings":1,"minecraft:stone_pickaxe":3,"minecraft:stone_axe":2,"minecraft:iron_sword":1,"minecraft:iron_hoe":3,"minecraft:stone_hoe":1,"minecraft:wooden_pickaxe":1,"minecraft:iron_axe":3,"minecraft:iron_pickaxe":4,"minecraft:iron_helmet":1}},"DataVersion":3465}