{"stats":{"minecraft:crafted":{"minecraft:oak_planks":16,"travelersbackpack:crafting_upgrade":1,"minecraft:cooked_chicken":4,"minecraft:furnace":5,"travelersbackpack:blank_upgrade":4,"minecraft:cooked_mutton":6,"minecraft:glass":63,"morearmor:cobblestone_armor_boots":2,"travelersbackpack:white_sleeping_bag":1,"morearmor:cobblestone_armor_chestplate":2,"minecraft:diamond_helmet":1,"minecraft:diamond_leggings":1,"minecraft:iron_boots":1,"minecraft:leather":8,"morearmor:jungle_armor_helmet":1,"minecraft:iron_axe":1,"morearmor:cobblestone_armor_leggings":2,"minecraft:stone_pickaxe":4,"minecraft:diamond_boots":1,"minecraft:chest":6,"minecraft:stone_hoe":1,"minecraft:wheat":153,"minecraft:cooked_beef":9,"minecraft:diamond_sword":1,"minecraft:cooked_porkchop":21,"morearmor:cobblestone_armor_helmet":1,"minecraft:crafting_table":4,"travelersbackpack:backpack_tank":5,"travelersbackpack:standard":3,"minecraft:wooden_pickaxe":2,"minecraft:iron_helmet":2,"minecraft:iron_sword":2,"minecraft:smithing_table":1,"minecraft:stone_axe":2,"minecraft:bread":51,"minecraft:air":0,"minecraft:jungle_planks":404,"biomesoplenty:fir_planks":140,"justhammers:iron_hammer":1,"minecraft:iron_chestplate":2,"minecraft:white_wool":35,"minecraft:diamond_pickaxe":1,"minecraft:shield":1,"minecraft:stick":156,"minecraft:iron_ingot":109,"minecraft:iron_pickaxe":3,"minecraft:stone_sword":1,"minecraft:iron_shovel":1,"minecraft:gold_ingot":40,"minecraft:iron_leggings":1,"minecraft:torch":476,"minecraft:diamond_chestplate":1},"minecraft:picked_up":{"minecraft:lingering_potion":1,"minecraft:crafting_table":19,"minecraft:chicken":4,"minecraft:smithing_table":2,"minecraft:diamond_sword":1,"alexsmobs:gazelle_horn":2,"minecraft:string":153,"minecraft:raw_copper":14,"minecraft:blackstone":337,"minecraft:diamond_leggings":1,"alexsmobs:emu_feather":1,"minecraft:red_sand":12,"minecraft:cobbled_deepslate":58,"biomesoplenty:fir_planks":10,"minecraft:beef":35,"minecraft:jungle_sapling":3,"minecraft:lectern":2,"minecraft:melon_slice":5,"minecraft:sugar_cane":88,"minecraft:furnace":14,"minecraft:egg":3,"minecraft:stick":24,"minecraft:raw_iron":217,"morearmor:power_dust":44,"minecraft:torch":201,"minecraft:green_bed":7,"minecraft:porkchop":21,"minecraft:redstone":23,"minecraft:diamond_chestplate":1,"minecraft:tnt":5,"minecraft:stone_sword":1,"minecraft:arrow":40,"minecraft:rotten_flesh":27,"morearmor:cobblestone_armor_chestplate":1,"minecraft:diamond_boots":1,"minecraft:hay_block":27,"minecraft:gold_ingot":39,"minecraft:mutton":8,"minecraft:bone_block":256,"minecraft:rail":1,"alexsmobs:kangaroo_meat":40,"minecraft:white_wool":36,"minecraft:cobblestone":408,"minecraft:magma_block":128,"minecraft:feather":6,"minecraft:andesite":16,"minecraft:jungle_log":106,"minecraft:potato":2,"minecraft:leather":17,"biomesoplenty:fir_sapling":8,"minecraft:smoker":4,"biomesoplenty:fir_log":35,"minecraft:oak_log":4,"minecraft:gunpowder":4,"minecraft:dirt":14,"minecraft:orange_terracotta":1,"travelersbackpack:backpack_tank":1,"minecraft:glass":39,"minecraft:bone":18,"minecraft:bow":3,"minecraft:wheat_seeds":4,"minecraft:raw_gold":96,"minecraft:iron_ingot":68,"minecraft:stone_hoe":1,"minecraft:diamond_helmet":1,"travelersbackpack:blank_upgrade":3,"minecraft:oak_planks":5,"minecraft:book":18,"minecraft:smooth_basalt":15,"minecraft:oak_pressure_plate":1,"minecraft:gravel":2,"minecraft:jungle_planks":192,"minecraft:sand":408,"minecraft:spider_eye":4,"alexsmobs:animal_dictionary":1,"minecraft:light_gray_terracotta":1,"alexsmobs:kangaroo_hide":16,"minecraft:diamond":30,"minecraft:stone_axe":1,"alexsmobs:rattlesnake_rattle":2,"minecraft:granite":37,"minecraft:golden_apple":1,"minecraft:gray_wool":1,"minecraft:terracotta":17,"minecraft:oak_sapling":7,"minecraft:black_wool":1,"minecraft:coal":432},"minecraft:dropped":{"minecraft:stone_hoe":1,"minecraft:iron_ingot":54,"minecraft:wheat_seeds":3,"minecraft:oak_pressure_plate":1,"minecraft:diamond":2,"alexsmobs:kangaroo_meat":20,"minecraft:diamond_leggings":1,"minecraft:book":6,"minecraft:feather":6,"minecraft:cobblestone":89,"alexsmobs:rattlesnake_rattle":1,"minecraft:leather":6,"minecraft:granite":36,"minecraft:jungle_planks":192,"minecraft:coal":64,"minecraft:rail":1,"minecraft:golden_apple":1,"minecraft:stick":12,"minecraft:dirt":3,"minecraft:gray_wool":1,"mca:book_romance":1,"travelersbackpack:blank_upgrade":3,"minecraft:diamond_helmet":1,"minecraft:jungle_sapling":3,"minecraft:bone_block":128,"alexsmobs:emu_feather":1,"minecraft:sand":171,"minecraft:white_wool":34,"minecraft:gold_ingot":39,"travelersbackpack:backpack_tank":1,"minecraft:string":10,"minecraft:redstone":23,"minecraft:smooth_basalt":3,"minecraft:bone":16,"minecraft:gravel":2,"minecraft:furnace":3,"minecraft:stone_axe":1,"minecraft:blackstone":19,"minecraft:sugar_cane":68,"alexsmobs:gazelle_horn":2,"minecraft:cobbled_deepslate":49,"alexsmobs:animal_dictionary":2,"minecraft:stone_sword":2,"minecraft:raw_copper":14,"minecraft:light_gray_terracotta":1,"minecraft:raw_iron":71,"minecraft:rotten_flesh":23,"morearmor:cobblestone_armor_leggings":1,"minecraft:oak_planks":1,"minecraft:smoker":1,"morearmor:power_dust":22,"morearmor:jungle_armor_helmet":1,"minecraft:diamond_sword":1,"minecraft:potato":2,"minecraft:diamond_chestplate":1,"minecraft:red_sand":6,"minecraft:oak_sapling":7,"minecraft:beef":13,"minecraft:raw_gold":24,"minecraft:arrow":18,"minecraft:diamond_boots":1,"minecraft:glass":36,"minecraft:bow":3,"minecraft:wooden_pickaxe":1,"morearmor:cobblestone_armor_chestplate":3,"minecraft:magma_block":64,"minecraft:lectern":1,"minecraft:black_wool":1,"minecraft:terracotta":2},"minecraft:broken":{"morearmor:cobblestone_armor_boots":1,"minecraft:wooden_pickaxe":1,"minecraft:stone_pickaxe":3,"minecraft:stone_axe":2,"minecraft:iron_sword":1,"minecraft:iron_pickaxe":2,"minecraft:iron_helmet":1},"minecraft:killed":{"minecraft:cave_spider":10,"minecraft:spider":7,"alexsmobs:rattlesnake":1,"minecraft:skeleton":21,"minecraft:horse":5,"minecraft:chicken":4,"minecraft:silverfish":4,"alexsmobs:kangaroo":14,"minecraft:pig":9,"minecraft:creeper":2,"alexsmobs:emu":1,"minecraft:sheep":4,"minecraft:pillager":1,"minecraft:zombie":37,"alexsmobs:gazelle":2,"minecraft:cow":12},"minecraft:custom":{"minecraft:interact_with_smithing_table":6,"minecraft:mob_kills":137,"minecraft:interact_with_crafting_table":79,"minecraft:open_barrel":11,"minecraft:leave_game":11,"minecraft:time_since_death":80153,"minecraft:climb_one_cm":10193,"minecraft:sprint_one_cm":815183,"minecraft:damage_blocked_by_shield":1395,"minecraft:walk_one_cm":601227,"minecraft:drop":105,"minecraft:play_time":290760,"minecraft:sneak_time":13119,"minecraft:deaths":4,"minecraft:walk_under_water_one_cm":19350,"minecraft:jump":5798,"minecraft:walk_on_water_one_cm":29250,"minecraft:total_world_time":290760,"minecraft:interact_with_furnace":79,"minecraft:sleep_in_bed":6,"minecraft:time_since_rest":7210,"minecraft:damage_taken":4514,"minecraft:trigger_trapped_chest":1,"minecraft:damage_dealt":23545,"minecraft:swim_one_cm":62273,"minecraft:fly_one_cm":1176906,"minecraft:open_chest":11,"minecraft:crouch_one_cm":36391,"minecraft:interact_with_smoker":12,"minecraft:fall_one_cm":172650},"minecraft:killed_by":{"creeperoverhaul:cave_creeper":1,"alexsmobs:centipede_head":1},"minecraft:used":{"minecraft:stone_sword":43,"minecraft:iron_shovel":238,"minecraft:chest":4,"minecraft:shield":47,"minecraft:iron_sword":190,"minecraft:cooked_chicken":4,"minecraft:stone_hoe":20,"minecraft:iron_chestplate":1,"minecraft:torch":663,"minecraft:dirt":9,"minecraft:jungle_planks":5,"biomesoplenty:fir_sapling":8,"minecraft:iron_axe":60,"minecraft:iron_helmet":1,"minecraft:iron_boots":1,"minecraft:furnace":12,"minecraft:cooked_beef":9,"minecraft:egg":3,"minecraft:iron_leggings":1,"minecraft:cooked_mutton":6,"minecraft:stone_pickaxe":520,"minecraft:blackstone":308,"minecraft:wooden_pickaxe":67,"biomesoplenty:fir_planks":136,"minecraft:green_bed":6,"morearmor:cobblestone_armor_boots":1,"minecraft:tnt":1,"minecraft:crafting_table":21,"justhammers:iron_hammer":50,"minecraft:smoker":2,"minecraft:diamond_pickaxe":458,"minecraft:bread":41,"minecraft:melon_slice":5,"minecraft:iron_pickaxe":527,"minecraft:stone_axe":192,"morearmor:cobblestone_armor_leggings":1,"minecraft:diamond_sword":266,"travelersbackpack:standard":9,"minecraft:cobblestone":60,"morearmor:cobblestone_armor_chestplate":1,"minecraft:cooked_porkchop":19,"minecraft:smithing_table":2},"minecraft:mined":{"minecraft:infested_deepslate":2,"minecraft:deepslate_tiles":2,"minecraft:large_amethyst_bud":1,"minecraft:tuff":8,"minecraft:deepslate_diamond_ore":28,"minecraft:jungle_leaves":12,"minecraft:granite":57,"gravestone:gravestone":1,"biomesoplenty:bush":2,"minecraft:red_sand":6,"minecraft:grass_block":7,"minecraft:jungle_log":106,"minecraft:oak_pressure_plate":1,"minecraft:spawner":4,"minecraft:hay_block":17,"minecraft:magma_block":77,"minecraft:furnace":11,"minecraft:iron_ore":86,"minecraft:fire":2,"minecraft:andesite":17,"minecraft:bookshelf":4,"minecraft:deepslate_iron_ore":107,"minecraft:vine":3,"minecraft:rail":1,"minecraft:stone":360,"minecraft:green_bed":7,"minecraft:bone_block":130,"morearmor:power_ore":12,"minecraft:tripwire":1,"minecraft:smithing_table":2,"minecraft:deepslate_redstone_ore":6,"minecraft:blackstone":255,"minecraft:smoker":3,"minecraft:orange_terracotta":1,"minecraft:crafting_table":19,"minecraft:torch":16,"minecraft:light_gray_terracotta":1,"biomesoplenty:fir_planks":10,"minecraft:calcite":1,"minecraft:lectern":1,"minecraft:copper_ore":4,"minecraft:cobblestone":3,"minecraft:deepslate_gold_ore":48,"minecraft:oak_planks":1,"minecraft:sugar_cane":36,"minecraft:wall_torch":19,"minecraft:amethyst_block":1,"minecraft:tnt":5,"biomesoplenty:fir_log":39,"minecraft:grass":15,"minecraft:oak_log":4,"minecraft:coal_ore":238,"biomesoplenty:fir_leaves":4,"minecraft:gravel":2,"minecraft:dirt":25,"minecraft:sand":234,"biomesoplenty:fir_sapling":3,"minecraft:cobweb":132,"minecraft:smooth_basalt":13,"minecraft:terracotta":17,"minecraft:fern":1,"minecraft:gold_ore":3,"minecraft:oak_leaves":9,"minecraft:deepslate":45}},"DataVersion":3465}