{"stats":{"minecraft:dropped":{"minecraft:stone_axe":1,"minecraft:wheat_seeds":1,"alexsmobs:gazelle_horn":2,"minecraft:stone_sword":2,"alexsmobs:animal_dictionary":2,"minecraft:feather":6,"minecraft:granite":21,"minecraft:dirt":1,"mca:book_romance":1,"minecraft:oak_sapling":7,"minecraft:jungle_sapling":2,"alexsmobs:emu_feather":1,"morearmor:cobblestone_armor_chestplate":1,"minecraft:wooden_pickaxe":1},"minecraft:killed":{"minecraft:pig":6,"minecraft:spider":1,"alexsmobs:emu":1,"minecraft:sheep":4,"minecraft:skeleton":1,"minecraft:zombie":6,"minecraft:chicken":4,"alexsmobs:gazelle":2,"minecraft:cow":6},"minecraft:used":{"minecraft:stone_sword":43,"minecraft:stone_pickaxe":354,"minecraft:wooden_pickaxe":67,"minecraft:iron_sword":13,"minecraft:stone_hoe":20,"minecraft:cooked_chicken":3,"minecraft:torch":3,"minecraft:dirt":9,"minecraft:crafting_table":9,"minecraft:smoker":1,"minecraft:melon_slice":5,"minecraft:iron_pickaxe":23,"minecraft:stone_axe":121,"minecraft:cobblestone":60,"minecraft:furnace":3,"minecraft:cooked_porkchop":4,"minecraft:egg":3},"minecraft:mined":{"minecraft:smoker":1,"minecraft:orange_terracotta":1,"minecraft:jungle_leaves":12,"minecraft:crafting_table":7,"minecraft:granite":32,"minecraft:grass_block":2,"minecraft:jungle_log":106,"minecraft:cobblestone":2,"minecraft:wall_torch":3,"minecraft:hay_block":17,"minecraft:furnace":3,"minecraft:iron_ore":1,"minecraft:andesite":16,"minecraft:grass":10,"minecraft:oak_log":4,"minecraft:coal_ore":103,"minecraft:deepslate_iron_ore":27,"minecraft:vine":3,"minecraft:dirt":8,"minecraft:terracotta":15,"minecraft:stone":231,"minecraft:oak_leaves":9,"minecraft:deepslate":6},"minecraft:killed_by":{"alexsmobs:centipede_head":1},"minecraft:custom":{"minecraft:interact_with_furnace":19,"minecraft:mob_kills":31,"minecraft:interact_with_crafting_table":20,"minecraft:leave_game":3,"minecraft:time_since_death":30796,"minecraft:climb_one_cm":9641,"minecraft:time_since_rest":30897,"minecraft:sprint_one_cm":145034,"minecraft:damage_taken":776,"minecraft:walk_one_cm":112627,"minecraft:drop":17,"minecraft:damage_dealt":4010,"minecraft:swim_one_cm":3130,"minecraft:fly_one_cm":280638,"minecraft:open_chest":2,"minecraft:play_time":67893,"minecraft:crouch_one_cm":5805,"minecraft:sneak_time":3509,"minecraft:deaths":3,"minecraft:walk_under_water_one_cm":1477,"minecraft:jump":1482,"minecraft:walk_on_water_one_cm":3227,"minecraft:interact_with_smoker":1,"minecraft:total_world_time":67893,"minecraft:fall_one_cm":41197},"minecraft:broken":{"minecraft:stone_pickaxe":1,"minecraft:stone_axe":1,"minecraft:wooden_pickaxe":1},"minecraft:picked_up":{"minecraft:lingering_potion":1,"minecraft:crafting_table":7,"minecraft:feather":6,"minecraft:chicken":4,"minecraft:andesite":16,"minecraft:jungle_log":106,"minecraft:leather":5,"minecraft:smoker":1,"minecraft:oak_log":4,"alexsmobs:gazelle_horn":2,"minecraft:dirt":10,"minecraft:orange_terracotta":1,"minecraft:wheat_seeds":2,"alexsmobs:emu_feather":1,"minecraft:cobbled_deepslate":9,"minecraft:beef":9,"minecraft:jungle_sapling":3,"minecraft:melon_slice":5,"minecraft:furnace":3,"minecraft:egg":3,"minecraft:stick":8,"minecraft:raw_iron":29,"minecraft:torch":4,"minecraft:porkchop":15,"alexsmobs:animal_dictionary":1,"minecraft:stone_sword":1,"minecraft:arrow":2,"minecraft:rotten_flesh":4,"minecraft:stone_axe":1,"minecraft:hay_block":17,"minecraft:granite":31,"minecraft:gray_wool":1,"minecraft:terracotta":15,"minecraft:black_wool":1,"minecraft:oak_sapling":7,"minecraft:mutton":8,"minecraft:coal":102,"minecraft:white_wool":2,"minecraft:cobblestone":232},"minecraft:crafted":{"minecraft:cooked_beef":7,"minecraft:oak_planks":16,"minecraft:cooked_porkchop":6,"minecraft:crafting_table":3,"morearmor:cobblestone_armor_helmet":1,"minecraft:wooden_pickaxe":2,"minecraft:cooked_chicken":4,"minecraft:iron_sword":1,"minecraft:furnace":2,"minecraft:stone_axe":2,"minecraft:air":0,"minecraft:jungle_planks":148,"morearmor:cobblestone_armor_boots":1,"morearmor:cobblestone_armor_chestplate":1,"minecraft:iron_chestplate":1,"morearmor:jungle_armor_helmet":1,"morearmor:cobblestone_armor_leggings":1,"minecraft:stick":24,"minecraft:iron_ingot":14,"minecraft:iron_pickaxe":1,"minecraft:stone_pickaxe":3,"minecraft:stone_sword":1,"minecraft:torch":8,"minecraft:stone_hoe":1}},"DataVersion":3465}