{"stats":{"minecraft:dropped":{"minecraft:wheat_seeds":1,"alexsmobs:gazelle_horn":2,"minecraft:stone_sword":2,"alexsmobs:animal_dictionary":2,"minecraft:granite":17,"minecraft:dirt":1,"minecraft:jungle_sapling":2,"alexsmobs:emu_feather":1,"minecraft:wooden_pickaxe":1,"morearmor:cobblestone_armor_chestplate":1},"minecraft:killed":{"minecraft:pig":2,"minecraft:spider":1,"alexsmobs:emu":1,"minecraft:skeleton":1,"minecraft:zombie":6,"alexsmobs:gazelle":2},"minecraft:used":{"minecraft:stone_sword":43,"minecraft:stone_pickaxe":244,"minecraft:wooden_pickaxe":8,"minecraft:iron_sword":13,"minecraft:crafting_table":4,"minecraft:melon_slice":5,"minecraft:iron_pickaxe":23,"minecraft:cobblestone":60,"minecraft:furnace":2,"minecraft:cooked_porkchop":4},"minecraft:mined":{"minecraft:orange_terracotta":1,"minecraft:jungle_leaves":3,"minecraft:crafting_table":4,"minecraft:granite":18,"minecraft:jungle_log":21,"minecraft:cobblestone":2,"minecraft:furnace":2,"minecraft:iron_ore":1,"minecraft:andesite":16,"minecraft:grass":5,"minecraft:coal_ore":2,"minecraft:deepslate_iron_ore":27,"minecraft:dirt":1,"minecraft:terracotta":15,"minecraft:stone":182,"minecraft:deepslate":6},"minecraft:killed_by":{"alexsmobs:centipede_head":1},"minecraft:custom":{"minecraft:interact_with_furnace":12,"minecraft:mob_kills":13,"minecraft:interact_with_crafting_table":9,"minecraft:leave_game":1,"minecraft:time_since_death":29,"minecraft:climb_one_cm":524,"minecraft:time_since_rest":161,"minecraft:sprint_one_cm":74015,"minecraft:damage_taken":566,"minecraft:walk_one_cm":59709,"minecraft:drop":12,"minecraft:damage_dealt":2530,"minecraft:swim_one_cm":313,"minecraft:fly_one_cm":110461,"minecraft:crouch_one_cm":3515,"minecraft:play_time":33808,"minecraft:deaths":2,"minecraft:sneak_time":1290,"minecraft:walk_under_water_one_cm":1179,"minecraft:jump":681,"minecraft:walk_on_water_one_cm":2412,"minecraft:total_world_time":33808,"minecraft:fall_one_cm":17364},"minecraft:broken":{"minecraft:stone_pickaxe":1},"minecraft:crafted":{"minecraft:cooked_porkchop":6,"minecraft:crafting_table":1,"morearmor:cobblestone_armor_helmet":1,"minecraft:wooden_pickaxe":1,"minecraft:iron_sword":1,"minecraft:furnace":1,"minecraft:air":0,"minecraft:jungle_planks":84,"morearmor:cobblestone_armor_boots":1,"morearmor:cobblestone_armor_chestplate":1,"minecraft:iron_chestplate":1,"morearmor:cobblestone_armor_leggings":1,"minecraft:stick":16,"minecraft:iron_ingot":14,"minecraft:iron_pickaxe":1,"minecraft:stone_pickaxe":2,"minecraft:stone_sword":1},"minecraft:picked_up":{"minecraft:crafting_table":4,"minecraft:jungle_log":21,"minecraft:andesite":16,"alexsmobs:gazelle_horn":2,"minecraft:dirt":1,"minecraft:orange_terracotta":1,"minecraft:wheat_seeds":1,"alexsmobs:emu_feather":1,"minecraft:cobbled_deepslate":9,"minecraft:jungle_sapling":2,"minecraft:melon_slice":5,"minecraft:furnace":2,"minecraft:raw_iron":29,"minecraft:porkchop":6,"alexsmobs:animal_dictionary":1,"minecraft:stone_sword":1,"minecraft:arrow":2,"minecraft:rotten_flesh":4,"minecraft:granite":18,"minecraft:terracotta":15,"minecraft:mutton":2,"minecraft:coal":2,"minecraft:cobblestone":184}},"DataVersion":3465}