{"stats":{"minecraft:dropped":{"minecraft:stone_axe":1,"minecraft:wheat_seeds":1,"alexsmobs:gazelle_horn":2,"minecraft:stone_sword":2,"alexsmobs:animal_dictionary":2,"minecraft:feather":6,"minecraft:granite":21,"minecraft:dirt":1,"mca:book_romance":1,"minecraft:oak_sapling":7,"minecraft:jungle_sapling":3,"alexsmobs:emu_feather":1,"minecraft:wooden_pickaxe":1,"morearmor:cobblestone_armor_chestplate":1},"minecraft:killed":{"minecraft:pig":9,"minecraft:spider":2,"alexsmobs:emu":1,"minecraft:skeleton":2,"minecraft:sheep":4,"minecraft:zombie":7,"minecraft:chicken":4,"alexsmobs:gazelle":2,"minecraft:cow":6},"minecraft:used":{"minecraft:cooked_mutton":6,"minecraft:stone_sword":43,"minecraft:stone_pickaxe":382,"minecraft:wooden_pickaxe":67,"minecraft:iron_sword":13,"minecraft:cooked_chicken":4,"minecraft:stone_hoe":20,"minecraft:torch":14,"minecraft:dirt":9,"morearmor:cobblestone_armor_boots":1,"minecraft:crafting_table":9,"minecraft:smoker":1,"minecraft:melon_slice":5,"minecraft:iron_pickaxe":23,"morearmor:cobblestone_armor_leggings":1,"minecraft:stone_axe":153,"minecraft:cobblestone":60,"morearmor:cobblestone_armor_chestplate":1,"minecraft:furnace":5,"minecraft:cooked_porkchop":4,"minecraft:egg":3},"minecraft:mined":{"minecraft:smoker":2,"minecraft:jungle_leaves":12,"minecraft:orange_terracotta":1,"minecraft:crafting_table":8,"minecraft:torch":9,"minecraft:granite":32,"minecraft:grass_block":3,"minecraft:jungle_log":106,"minecraft:cobblestone":2,"minecraft:wall_torch":4,"minecraft:hay_block":17,"minecraft:furnace":4,"minecraft:iron_ore":9,"minecraft:andesite":16,"minecraft:grass":12,"minecraft:coal_ore":114,"minecraft:oak_log":4,"minecraft:deepslate_iron_ore":27,"minecraft:vine":3,"minecraft:dirt":9,"minecraft:terracotta":15,"minecraft:stone":234,"minecraft:oak_leaves":9,"minecraft:deepslate":6},"minecraft:killed_by":{"alexsmobs:centipede_head":1},"minecraft:custom":{"minecraft:interact_with_furnace":31,"minecraft:mob_kills":37,"minecraft:interact_with_crafting_table":22,"minecraft:leave_game":6,"minecraft:time_since_death":46547,"minecraft:climb_one_cm":9641,"minecraft:time_since_rest":46648,"minecraft:sprint_one_cm":181710,"minecraft:damage_taken":1138,"minecraft:walk_one_cm":136719,"minecraft:drop":18,"minecraft:damage_dealt":5262,"minecraft:swim_one_cm":3130,"minecraft:fly_one_cm":369570,"minecraft:open_chest":2,"minecraft:play_time":83644,"minecraft:crouch_one_cm":6672,"minecraft:sneak_time":3833,"minecraft:deaths":3,"minecraft:walk_under_water_one_cm":1477,"minecraft:jump":1823,"minecraft:walk_on_water_one_cm":3227,"minecraft:total_world_time":83644,"minecraft:interact_with_smoker":9,"minecraft:fall_one_cm":54516},"minecraft:broken":{"minecraft:stone_pickaxe":2,"minecraft:stone_axe":1,"minecraft:wooden_pickaxe":1},"minecraft:picked_up":{"minecraft:lingering_potion":1,"minecraft:crafting_table":8,"minecraft:feather":6,"minecraft:chicken":4,"minecraft:andesite":16,"minecraft:jungle_log":106,"minecraft:leather":5,"minecraft:smoker":2,"minecraft:oak_log":4,"minecraft:string":2,"alexsmobs:gazelle_horn":2,"minecraft:dirt":11,"minecraft:orange_terracotta":1,"minecraft:bone":2,"minecraft:wheat_seeds":3,"alexsmobs:emu_feather":1,"minecraft:cobbled_deepslate":9,"minecraft:beef":9,"minecraft:jungle_sapling":3,"minecraft:melon_slice":5,"minecraft:furnace":4,"minecraft:egg":3,"minecraft:stick":8,"minecraft:raw_iron":37,"minecraft:torch":15,"minecraft:porkchop":21,"alexsmobs:animal_dictionary":1,"minecraft:stone_sword":1,"minecraft:arrow":2,"minecraft:rotten_flesh":6,"minecraft:stone_axe":1,"minecraft:hay_block":17,"minecraft:granite":31,"minecraft:gray_wool":1,"minecraft:terracotta":15,"minecraft:oak_sapling":7,"minecraft:black_wool":1,"minecraft:mutton":8,"minecraft:coal":113,"minecraft:white_wool":2,"minecraft:cobblestone":235},"minecraft:crafted":{"minecraft:cooked_beef":9,"minecraft:oak_planks":16,"minecraft:cooked_porkchop":15,"morearmor:cobblestone_armor_helmet":1,"minecraft:crafting_table":3,"minecraft:wooden_pickaxe":2,"minecraft:cooked_chicken":4,"minecraft:iron_sword":1,"minecraft:furnace":2,"minecraft:stone_axe":2,"minecraft:cooked_mutton":6,"minecraft:air":0,"minecraft:jungle_planks":148,"morearmor:cobblestone_armor_boots":2,"morearmor:cobblestone_armor_chestplate":2,"minecraft:iron_chestplate":1,"morearmor:jungle_armor_helmet":1,"morearmor:cobblestone_armor_leggings":2,"minecraft:stick":24,"minecraft:iron_ingot":14,"minecraft:iron_pickaxe":1,"minecraft:stone_pickaxe":3,"minecraft:stone_sword":1,"minecraft:torch":8,"minecraft:stone_hoe":1}},"DataVersion":3465}