{"stats":{"minecraft:dropped":{"minecraft:wheat_seeds":1,"biomesoplenty:lavender":3,"minecraft:stick":18,"minecraft:music_disc_13":1,"minecraft:dirt":30,"minecraft:wooden_axe":2,"minecraft:wooden_sword":1,"minecraft:sand":1,"biomesoplenty:toadstool":1,"minecraft:stone_axe":1,"minecraft:sugar_cane":1,"minecraft:rotten_flesh":8,"minecraft:andesite":2,"minecraft:spider_eye":3,"minecraft:wooden_pickaxe":2,"minecraft:beef":10},"minecraft:used":{"minecraft:iron_sword":291,"minecraft:torch":179,"minecraft:dirt":7,"minecraft:jungle_planks":43,"minecraft:wooden_axe":4,"minecraft:iron_axe":77,"minecraft:bow":9,"minecraft:furnace":6,"minecraft:cooked_beef":4,"minecraft:cooked_mutton":5,"minecraft:diorite":3,"minecraft:stone_pickaxe":132,"minecraft:wooden_pickaxe":7,"minecraft:white_wool":1,"minecraft:crafting_table":7,"minecraft:melon_slice":75,"minecraft:bread":2,"minecraft:iron_pickaxe":189,"minecraft:stone_axe":55,"minecraft:wooden_sword":28,"minecraft:cobblestone":85,"minecraft:cooked_porkchop":17},"minecraft:killed":{"minecraft:cave_spider":1,"minecraft:spider":6,"minecraft:skeleton":13,"alexsmobs:bison":2,"alexsmobs:skreecher":1,"minecraft:husk":1,"minecraft:pig":15,"alexsmobs:grizzly_bear":2,"minecraft:creeper":3,"minecraft:sheep":12,"minecraft:zombie":8,"alexsmobs:terrapin":1,"alexsmobs:moose":1,"minecraft:cow":9},"minecraft:mined":{"minecraft:mossy_cobblestone":2,"minecraft:deepslate_diamond_ore":1,"minecraft:grass_block":7,"minecraft:jungle_planks":1,"minecraft:jungle_log":50,"minecraft:red_mushroom":1,"biomesoplenty:tall_lavender":1,"minecraft:furnace":1,"biomesoplenty:toadstool":1,"minecraft:iron_ore":59,"biomesoplenty:lavender":8,"minecraft:andesite":2,"biomesoplenty:hanging_cobweb":2,"minecraft:deepslate_iron_ore":4,"minecraft:vine":4,"biomesoplenty:webbing":3,"minecraft:stripped_jungle_log":1,"minecraft:bamboo":2,"biomesoplenty:spider_egg":1,"minecraft:stone":124,"minecraft:white_wool":1,"minecraft:powder_snow":31,"biomesoplenty:hanging_cobweb_strand":1,"minecraft:torch":2,"minecraft:melon":18,"minecraft:cobblestone":7,"minecraft:lapis_ore":5,"minecraft:deepslate_gold_ore":7,"minecraft:sugar_cane":1,"minecraft:diorite":3,"minecraft:wall_torch":1,"minecraft:grass":40,"minecraft:oak_log":8,"minecraft:coal_ore":105,"minecraft:sand":1,"minecraft:dirt":2,"biomesoplenty:stringy_cobweb":2,"minecraft:cobweb":7,"minecraft:deepslate":6,"minecraft:fern":19},"minecraft:killed_by":{"minecraft:witch":1,"alexsmobs:moose":1},"minecraft:custom":{"minecraft:mob_kills":78,"minecraft:interact_with_crafting_table":21,"minecraft:leave_game":2,"minecraft:time_since_death":10806,"minecraft:climb_one_cm":533,"minecraft:sprint_one_cm":357843,"minecraft:walk_one_cm":144564,"minecraft:drop":24,"minecraft:play_time":98321,"minecraft:deaths":2,"minecraft:sneak_time":19000,"minecraft:walk_under_water_one_cm":8071,"minecraft:jump":2696,"minecraft:walk_on_water_one_cm":22400,"minecraft:total_world_time":98321,"minecraft:interact_with_furnace":37,"minecraft:time_since_rest":10854,"minecraft:damage_taken":3622,"minecraft:damage_dealt":12960,"minecraft:swim_one_cm":81108,"minecraft:fly_one_cm":406868,"minecraft:open_chest":3,"minecraft:crouch_one_cm":50025,"minecraft:fall_one_cm":76822},"minecraft:broken":{"minecraft:stone_pickaxe":1,"minecraft:iron_sword":1},"minecraft:crafted":{"minecraft:wooden_sword":1,"minecraft:oak_planks":32,"minecraft:furnace":5,"minecraft:cooked_mutton":5,"minecraft:iron_boots":1,"minecraft:iron_axe":1,"minecraft:stone_pickaxe":1,"minecraft:cooked_beef":5,"minecraft:cooked_porkchop":17,"minecraft:crafting_table":7,"minecraft:wooden_pickaxe":1,"minecraft:iron_helmet":1,"minecraft:iron_sword":1,"minecraft:stone_axe":1,"minecraft:air":0,"minecraft:jungle_planks":152,"minecraft:iron_chestplate":1,"minecraft:stick":80,"minecraft:iron_ingot":51,"minecraft:iron_pickaxe":1,"minecraft:wooden_axe":1,"minecraft:iron_leggings":1,"minecraft:torch":192},"minecraft:picked_up":{"minecraft:wooden_axe":2,"minecraft:cocoa_beans":12,"minecraft:iron_chestplate":1,"minecraft:wooden_pickaxe":2,"minecraft:string":14,"minecraft:iron_axe":1,"minecraft:cobbled_deepslate":6,"minecraft:beef":34,"minecraft:iron_pickaxe":1,"minecraft:melon_slice":95,"minecraft:sugar_cane":2,"minecraft:furnace":1,"minecraft:stick":25,"minecraft:raw_iron":65,"minecraft:torch":58,"minecraft:porkchop":35,"minecraft:diorite":5,"minecraft:rotten_flesh":10,"minecraft:arrow":9,"minecraft:mutton":20,"minecraft:white_wool":11,"minecraft:cobblestone":132,"biomesoplenty:lavender":3,"minecraft:jungle_log":65,"minecraft:andesite":4,"minecraft:leather":10,"minecraft:red_mushroom":1,"alexsmobs:skreecher_soul":1,"biomesoplenty:fir_log":49,"minecraft:oak_log":8,"minecraft:gunpowder":5,"minecraft:lapis_lazuli":54,"minecraft:dirt":59,"minecraft:bone":25,"minecraft:bow":2,"minecraft:wheat_seeds":6,"minecraft:raw_gold":7,"minecraft:iron_ingot":17,"minecraft:bamboo":50,"minecraft:oak_planks":20,"minecraft:iron_sword":1,"biomesoplenty:toadstool":1,"minecraft:sand":2,"minecraft:jungle_planks":1,"alexsmobs:animal_dictionary":3,"minecraft:spider_eye":4,"minecraft:diamond":1,"minecraft:stone_axe":2,"minecraft:iron_helmet":1,"alexsmobs:moose_ribs":3,"minecraft:black_wool":2,"minecraft:coal":103}},"DataVersion":3465}