{"stats":{"minecraft:dropped":{"biomesoplenty:toadstool":1,"minecraft:stone_axe":1,"minecraft:sugar_cane":1,"minecraft:wheat_seeds":1,"biomesoplenty:lavender":3,"minecraft:rotten_flesh":8,"minecraft:music_disc_13":1,"minecraft:stick":18,"minecraft:dirt":30,"minecraft:wooden_axe":2,"minecraft:andesite":2,"minecraft:wooden_sword":1,"minecraft:spider_eye":3,"minecraft:sand":1,"minecraft:wooden_pickaxe":2},"minecraft:killed":{"minecraft:husk":1,"minecraft:cave_spider":1,"minecraft:pig":15,"alexsmobs:grizzly_bear":2,"minecraft:spider":5,"minecraft:creeper":3,"minecraft:sheep":11,"minecraft:skeleton":13,"minecraft:zombie":8,"alexsmobs:terrapin":1,"alexsmobs:bison":2,"alexsmobs:skreecher":1,"minecraft:cow":9},"minecraft:used":{"minecraft:cooked_mutton":5,"minecraft:diorite":3,"minecraft:stone_pickaxe":132,"minecraft:wooden_pickaxe":7,"minecraft:iron_sword":291,"minecraft:white_wool":1,"minecraft:torch":179,"minecraft:dirt":6,"minecraft:crafting_table":7,"minecraft:jungle_planks":43,"minecraft:wooden_axe":4,"minecraft:bread":2,"minecraft:melon_slice":38,"minecraft:iron_axe":51,"minecraft:iron_pickaxe":189,"minecraft:wooden_sword":28,"minecraft:bow":9,"minecraft:cobblestone":85,"minecraft:stone_axe":55,"minecraft:furnace":6,"minecraft:cooked_porkchop":17,"minecraft:cooked_beef":3},"minecraft:mined":{"minecraft:deepslate_diamond_ore":1,"minecraft:mossy_cobblestone":2,"minecraft:powder_snow":31,"biomesoplenty:hanging_cobweb_strand":1,"minecraft:torch":2,"minecraft:grass_block":5,"minecraft:melon":9,"minecraft:jungle_planks":1,"minecraft:jungle_log":50,"minecraft:cobblestone":7,"minecraft:deepslate_gold_ore":7,"minecraft:lapis_ore":5,"minecraft:wall_torch":1,"minecraft:red_mushroom":1,"minecraft:sugar_cane":1,"minecraft:diorite":3,"biomesoplenty:tall_lavender":1,"minecraft:furnace":1,"biomesoplenty:toadstool":1,"minecraft:iron_ore":59,"biomesoplenty:lavender":8,"minecraft:andesite":2,"biomesoplenty:hanging_cobweb":2,"minecraft:grass":35,"minecraft:coal_ore":105,"minecraft:oak_log":8,"minecraft:deepslate_iron_ore":4,"minecraft:vine":4,"biomesoplenty:webbing":3,"minecraft:sand":1,"minecraft:dirt":1,"minecraft:stripped_jungle_log":1,"biomesoplenty:stringy_cobweb":2,"minecraft:cobweb":7,"minecraft:bamboo":2,"minecraft:stone":124,"biomesoplenty:spider_egg":1,"minecraft:white_wool":1,"minecraft:deepslate":6,"minecraft:fern":16},"minecraft:killed_by":{"minecraft:witch":1},"minecraft:custom":{"minecraft:interact_with_furnace":37,"minecraft:mob_kills":75,"minecraft:interact_with_crafting_table":20,"minecraft:leave_game":2,"minecraft:time_since_death":48478,"minecraft:climb_one_cm":533,"minecraft:time_since_rest":48542,"minecraft:sprint_one_cm":295797,"minecraft:damage_taken":2628,"minecraft:walk_one_cm":132155,"minecraft:drop":23,"minecraft:damage_dealt":11584,"minecraft:swim_one_cm":74897,"minecraft:fly_one_cm":262732,"minecraft:open_chest":2,"minecraft:play_time":86321,"minecraft:crouch_one_cm":48843,"minecraft:sneak_time":18580,"minecraft:deaths":1,"minecraft:walk_under_water_one_cm":8036,"minecraft:jump":2047,"minecraft:walk_on_water_one_cm":21580,"minecraft:total_world_time":86321,"minecraft:fall_one_cm":50482},"minecraft:broken":{"minecraft:stone_pickaxe":1,"minecraft:iron_sword":1},"minecraft:crafted":{"minecraft:cooked_beef":5,"minecraft:wooden_sword":1,"minecraft:oak_planks":32,"minecraft:cooked_porkchop":17,"minecraft:crafting_table":7,"minecraft:wooden_pickaxe":1,"minecraft:iron_helmet":1,"minecraft:iron_sword":1,"minecraft:furnace":5,"minecraft:stone_axe":1,"minecraft:cooked_mutton":5,"minecraft:air":0,"minecraft:jungle_planks":152,"minecraft:iron_boots":1,"minecraft:iron_chestplate":1,"minecraft:iron_axe":1,"minecraft:stick":80,"minecraft:iron_ingot":51,"minecraft:iron_pickaxe":1,"minecraft:stone_pickaxe":1,"minecraft:wooden_axe":1,"minecraft:iron_leggings":1,"minecraft:torch":192},"minecraft:picked_up":{"minecraft:wooden_axe":2,"minecraft:cocoa_beans":12,"minecraft:iron_chestplate":1,"minecraft:andesite":4,"minecraft:jungle_log":65,"minecraft:leather":10,"minecraft:wooden_pickaxe":2,"minecraft:red_mushroom":1,"alexsmobs:skreecher_soul":1,"minecraft:oak_log":8,"minecraft:gunpowder":5,"minecraft:string":12,"minecraft:lapis_lazuli":54,"minecraft:dirt":56,"minecraft:iron_axe":1,"minecraft:bone":24,"minecraft:bow":2,"minecraft:wheat_seeds":6,"minecraft:cobbled_deepslate":6,"minecraft:raw_gold":7,"minecraft:beef":34,"minecraft:iron_pickaxe":1,"minecraft:bamboo":50,"minecraft:melon_slice":55,"minecraft:sugar_cane":2,"minecraft:iron_sword":1,"minecraft:oak_planks":20,"minecraft:furnace":1,"biomesoplenty:toadstool":1,"minecraft:raw_iron":65,"minecraft:stick":25,"minecraft:torch":58,"minecraft:porkchop":35,"minecraft:jungle_planks":1,"minecraft:sand":2,"minecraft:diorite":5,"minecraft:spider_eye":4,"alexsmobs:animal_dictionary":3,"minecraft:arrow":9,"minecraft:rotten_flesh":10,"minecraft:diamond":1,"minecraft:stone_axe":2,"minecraft:iron_helmet":1,"minecraft:black_wool":1,"minecraft:mutton":19,"minecraft:coal":103,"minecraft:white_wool":11,"minecraft:cobblestone":132,"biomesoplenty:lavender":3}},"DataVersion":3465}