{"stats":{"minecraft:dropped":{"minecraft:wheat_seeds":1,"biomesoplenty:lavender":3,"minecraft:stick":18,"minecraft:music_disc_13":1,"minecraft:dirt":30,"minecraft:wooden_axe":2,"minecraft:wooden_sword":1,"minecraft:sand":1,"biomesoplenty:toadstool":1,"minecraft:stone_axe":1,"minecraft:sugar_cane":1,"minecraft:bowl":6,"minecraft:rotten_flesh":12,"minecraft:andesite":2,"alexsmobs:moose_ribs":1,"minecraft:spider_eye":3,"minecraft:wooden_pickaxe":2,"minecraft:beef":10},"minecraft:used":{"minecraft:chest":4,"minecraft:iron_sword":348,"minecraft:cooked_chicken":7,"minecraft:torch":179,"minecraft:dirt":12,"minecraft:jungle_planks":43,"minecraft:wooden_axe":4,"minecraft:iron_axe":209,"minecraft:bow":9,"minecraft:furnace":8,"minecraft:cooked_beef":8,"minecraft:cooked_mutton":5,"minecraft:diorite":3,"minecraft:stone_pickaxe":132,"minecraft:wooden_pickaxe":7,"biomesoplenty:fir_planks":79,"minecraft:white_wool":1,"minecraft:crafting_table":8,"minecraft:mushroom_stew":6,"minecraft:white_bed":1,"minecraft:bread":2,"minecraft:melon_slice":77,"minecraft:iron_pickaxe":369,"alexsmobs:cooked_moose_ribs":3,"minecraft:stone_axe":55,"minecraft:wooden_sword":28,"biomesoplenty:fir_door":1,"minecraft:cobblestone":95,"minecraft:cooked_porkchop":24},"minecraft:killed":{"minecraft:cave_spider":1,"alexsmobs:raccoon":1,"minecraft:spider":6,"alexsmobs:snow_leopard":1,"creeperoverhaul:snowy_creeper":1,"minecraft:skeleton":16,"minecraft:chicken":3,"alexsmobs:bison":2,"alexsmobs:skreecher":1,"minecraft:wolf":1,"minecraft:piglin":1,"minecraft:husk":1,"minecraft:pig":26,"alexsmobs:grizzly_bear":2,"minecraft:salmon":21,"alexsmobs:seal":2,"minecraft:creeper":3,"minecraft:sheep":12,"minecraft:zombie":9,"alexsmobs:terrapin":1,"alexsmobs:moose":6,"minecraft:cow":15},"minecraft:mined":{"minecraft:mossy_cobblestone":8,"minecraft:deepslate_diamond_ore":1,"biomesoplenty:brimstone":11,"minecraft:grass_block":24,"minecraft:jungle_planks":1,"minecraft:jungle_log":50,"biomesoplenty:white_petals":2,"minecraft:spruce_leaves":3,"minecraft:red_mushroom":10,"biomesoplenty:tall_lavender":1,"minecraft:furnace":1,"biomesoplenty:toadstool":4,"minecraft:iron_ore":83,"biomesoplenty:lavender":8,"minecraft:andesite":2,"biomesoplenty:hanging_cobweb":2,"minecraft:deepslate_iron_ore":4,"minecraft:vine":4,"biomesoplenty:webbing":3,"minecraft:stripped_jungle_log":1,"minecraft:bamboo":2,"biomesoplenty:spider_egg":1,"minecraft:stone":194,"minecraft:white_wool":1,"minecraft:brown_mushroom":15,"minecraft:powder_snow":32,"biomesoplenty:hanging_cobweb_strand":1,"minecraft:cornflower":1,"minecraft:torch":2,"biomesoplenty:fir_planks":3,"minecraft:melon":18,"minecraft:dead_bush":1,"minecraft:cobblestone":7,"biomesoplenty:sprout":2,"minecraft:lapis_ore":5,"minecraft:deepslate_gold_ore":7,"minecraft:sugar_cane":1,"minecraft:diorite":3,"minecraft:wall_torch":1,"minecraft:ice":1,"minecraft:spruce_log":7,"minecraft:birch_leaves":3,"biomesoplenty:fir_log":7,"minecraft:grass":142,"minecraft:oak_log":8,"minecraft:coal_ore":148,"minecraft:sand":1,"minecraft:dirt":4,"biomesoplenty:stringy_cobweb":2,"minecraft:cobweb":7,"minecraft:netherrack":24,"minecraft:deepslate":6,"minecraft:fern":78},"minecraft:killed_by":{"alexsmobs:cachalot_whale":1,"minecraft:witch":1,"alexsmobs:moose":1},"minecraft:custom":{"minecraft:mob_kills":135,"minecraft:interact_with_crafting_table":40,"minecraft:leave_game":3,"minecraft:time_since_death":22261,"minecraft:climb_one_cm":533,"minecraft:sprint_one_cm":593855,"minecraft:walk_one_cm":271874,"minecraft:drop":33,"minecraft:play_time":161743,"minecraft:deaths":3,"minecraft:sneak_time":27450,"minecraft:walk_under_water_one_cm":32788,"minecraft:jump":4107,"minecraft:walk_on_water_one_cm":47994,"minecraft:total_world_time":161743,"minecraft:interact_with_furnace":89,"minecraft:sleep_in_bed":5,"minecraft:time_since_rest":565,"minecraft:damage_taken":5571,"minecraft:damage_dealt":20733,"minecraft:swim_one_cm":148329,"minecraft:fly_one_cm":741732,"minecraft:open_chest":26,"minecraft:crouch_one_cm":75118,"minecraft:fall_one_cm":122993},"minecraft:broken":{"minecraft:stone_pickaxe":1,"minecraft:iron_sword":1},"minecraft:crafted":{"minecraft:wooden_sword":1,"minecraft:oak_planks":32,"minecraft:cooked_chicken":8,"minecraft:furnace":7,"minecraft:mushroom_stew":9,"minecraft:cooked_mutton":5,"minecraft:iron_boots":2,"minecraft:iron_axe":2,"minecraft:stone_pickaxe":1,"minecraft:chest":4,"minecraft:cooked_beef":16,"minecraft:cooked_porkchop":34,"alexsmobs:cooked_lobster_tail":1,"minecraft:crafting_table":8,"minecraft:wooden_pickaxe":1,"minecraft:iron_helmet":2,"minecraft:iron_sword":2,"alexsmobs:cooked_moose_ribs":11,"minecraft:bowl":12,"minecraft:cooked_salmon":2,"minecraft:stone_axe":1,"minecraft:air":0,"minecraft:jungle_planks":152,"biomesoplenty:fir_planks":222,"minecraft:iron_chestplate":2,"minecraft:stick":144,"minecraft:iron_ingot":71,"minecraft:iron_pickaxe":3,"minecraft:wooden_axe":1,"minecraft:iron_leggings":2,"minecraft:white_bed":1,"minecraft:torch":292,"biomesoplenty:fir_door":3},"minecraft:picked_up":{"minecraft:wooden_axe":2,"minecraft:cocoa_beans":12,"minecraft:iron_chestplate":2,"minecraft:chicken":3,"minecraft:brown_mushroom":12,"minecraft:wooden_pickaxe":2,"minecraft:cornflower":1,"minecraft:string":14,"minecraft:iron_axe":2,"minecraft:iron_leggings":1,"biomesoplenty:brimstone":6,"minecraft:cobbled_deepslate":6,"biomesoplenty:fir_planks":3,"alexsmobs:cooked_moose_ribs":1,"minecraft:beef":45,"minecraft:iron_pickaxe":3,"minecraft:melon_slice":96,"minecraft:sugar_cane":2,"minecraft:iron_boots":1,"minecraft:furnace":1,"minecraft:stick":55,"minecraft:raw_iron":91,"minecraft:torch":158,"minecraft:porkchop":57,"minecraft:diorite":5,"minecraft:rotten_flesh":15,"minecraft:arrow":13,"biomesoplenty:white_petals":6,"minecraft:mutton":20,"alexsmobs:lobster_tail":1,"minecraft:white_wool":19,"minecraft:cobblestone":240,"biomesoplenty:lavender":3,"minecraft:feather":3,"minecraft:salmon":18,"minecraft:andesite":4,"minecraft:jungle_log":65,"minecraft:leather":18,"minecraft:red_mushroom":19,"alexsmobs:skreecher_soul":1,"biomesoplenty:fir_sapling":2,"biomesoplenty:fir_log":56,"alexsmobs:cachalot_whale_tooth":3,"minecraft:oak_log":8,"minecraft:gunpowder":5,"minecraft:lapis_lazuli":54,"minecraft:dirt":101,"minecraft:bone":28,"minecraft:bow":2,"minecraft:wheat_seeds":25,"minecraft:raw_gold":7,"minecraft:iron_ingot":17,"minecraft:cooked_chicken":2,"minecraft:bamboo":50,"minecraft:iron_sword":2,"minecraft:oak_planks":20,"biomesoplenty:toadstool":4,"minecraft:jungle_planks":1,"minecraft:sand":2,"minecraft:ink_sac":12,"minecraft:spruce_log":7,"alexsmobs:animal_dictionary":3,"minecraft:spider_eye":4,"minecraft:mossy_cobblestone":6,"minecraft:diamond":1,"minecraft:stone_axe":2,"minecraft:iron_helmet":2,"minecraft:bone_meal":1,"alexsmobs:moose_ribs":15,"minecraft:netherrack":48,"minecraft:black_wool":2,"minecraft:coal":162}},"DataVersion":3465}