{"stats":{"minecraft:crafted":{"minecraft:black_dye":2,"minecraft:wooden_sword":1,"minecraft:oak_planks":32,"minecraft:cooked_chicken":8,"minecraft:furnace":9,"minecraft:mushroom_stew":9,"minecraft:bone_meal":15,"minecraft:cooked_mutton":5,"minecraft:glass":35,"minecraft:iron_boots":3,"minecraft:iron_axe":5,"minecraft:iron_hoe":1,"minecraft:stone_pickaxe":1,"minecraft:chest":5,"alexsmobs:cooked_catfish":5,"minecraft:black_wool":2,"minecraft:cooked_beef":16,"minecraft:cooked_porkchop":39,"alexsmobs:cooked_lobster_tail":1,"minecraft:crafting_table":9,"travelersbackpack:standard":1,"minecraft:spruce_planks":92,"travelersbackpack:backpack_tank":2,"minecraft:wooden_pickaxe":1,"minecraft:iron_helmet":3,"minecraft:iron_sword":3,"alexsmobs:cooked_moose_ribs":14,"minecraft:bowl":12,"minecraft:cooked_salmon":33,"travelersbackpack:black_sleeping_bag":1,"minecraft:bucket":2,"minecraft:stone_axe":1,"minecraft:air":0,"minecraft:jungle_planks":152,"minecraft:blue_dye":1,"biomesoplenty:fir_planks":234,"minecraft:iron_chestplate":3,"minecraft:stick":232,"minecraft:iron_shovel":1,"minecraft:iron_ingot":147,"minecraft:iron_pickaxe":5,"minecraft:wooden_axe":1,"minecraft:iron_leggings":3,"minecraft:white_bed":1,"minecraft:torch":556,"biomesoplenty:fir_door":3},"minecraft:picked_up":{"minecraft:wooden_axe":2,"minecraft:cocoa_beans":12,"minecraft:iron_chestplate":3,"minecraft:chicken":4,"minecraft:brown_mushroom":63,"minecraft:wooden_pickaxe":2,"minecraft:gold_block":2,"minecraft:chain":1,"minecraft:cornflower":1,"minecraft:string":20,"minecraft:iron_axe":2,"minecraft:iron_leggings":1,"minecraft:blackstone":5,"biomesoplenty:brimstone":6,"minecraft:cobbled_deepslate":77,"biomesoplenty:fir_planks":3,"alexsmobs:cooked_moose_ribs":1,"minecraft:music_disc_otherside":1,"minecraft:beef":45,"minecraft:iron_pickaxe":3,"minecraft:melon_slice":96,"minecraft:sugar_cane":2,"minecraft:iron_boots":1,"minecraft:furnace":5,"minecraft:stick":60,"minecraft:raw_iron":166,"morearmor:power_dust":4,"minecraft:torch":162,"minecraft:spruce_stairs":1,"minecraft:porkchop":57,"minecraft:pointed_dripstone":9,"minecraft:diorite":5,"minecraft:arrow":56,"minecraft:rotten_flesh":87,"biomesoplenty:white_petals":6,"minecraft:mutton":20,"minecraft:snowball":7,"minecraft:rail":59,"alexsmobs:lobster_tail":1,"minecraft:white_wool":19,"minecraft:cobblestone":316,"biomesoplenty:lavender":3,"minecraft:feather":7,"minecraft:cooked_beef":1,"minecraft:andesite":4,"minecraft:glow_ink_sac":7,"minecraft:salmon":35,"minecraft:jungle_log":65,"minecraft:leather":18,"minecraft:red_mushroom":19,"alexsmobs:skreecher_soul":1,"biomesoplenty:fir_sapling":5,"biomesoplenty:fir_log":78,"alexsmobs:cachalot_whale_tooth":3,"minecraft:oak_log":8,"minecraft:gunpowder":5,"minecraft:lapis_lazuli":54,"minecraft:dirt":146,"minecraft:lantern":2,"minecraft:bone":63,"minecraft:bow":5,"minecraft:wheat_seeds":28,"minecraft:raw_gold":23,"minecraft:iron_ingot":18,"minecraft:cooked_chicken":2,"minecraft:bamboo":50,"travelersbackpack:blank_upgrade":1,"minecraft:iron_sword":2,"minecraft:oak_planks":20,"minecraft:book":57,"biomesoplenty:toadstool":4,"minecraft:smooth_basalt":1,"minecraft:gravel":2,"minecraft:sand":37,"minecraft:jungle_planks":1,"minecraft:ink_sac":12,"minecraft:white_bed":1,"minecraft:spruce_log":23,"minecraft:spider_eye":7,"alexsmobs:animal_dictionary":3,"minecraft:mossy_cobblestone":6,"alexsmobs:raw_catfish":5,"minecraft:diamond":8,"minecraft:stone_axe":2,"minecraft:iron_helmet":2,"minecraft:bone_meal":1,"alexsmobs:moose_ribs":21,"minecraft:netherrack":48,"minecraft:black_wool":2,"minecraft:coal":270},"minecraft:dropped":{"minecraft:iron_sword":1,"minecraft:wheat_seeds":1,"minecraft:glow_ink_sac":7,"minecraft:golden_horse_armor":1,"biomesoplenty:lavender":3,"minecraft:feather":2,"minecraft:lantern":1,"minecraft:spruce_stairs":1,"minecraft:music_disc_13":1,"minecraft:stick":60,"minecraft:dirt":30,"minecraft:torch":4,"minecraft:wooden_axe":2,"minecraft:cooked_salmon":2,"minecraft:chain":1,"gravestone:obituary":1,"minecraft:wooden_sword":1,"minecraft:sand":1,"minecraft:string":1,"biomesoplenty:toadstool":1,"minecraft:stone_axe":1,"minecraft:sugar_cane":1,"minecraft:iron_nugget":10,"minecraft:music_disc_otherside":1,"minecraft:bowl":9,"minecraft:chicken":1,"minecraft:rotten_flesh":70,"minecraft:iron_boots":1,"minecraft:iron_chestplate":2,"minecraft:andesite":2,"alexsmobs:moose_ribs":3,"minecraft:spider_eye":4,"minecraft:bow":1,"minecraft:iron_bars":5,"minecraft:beef":10,"minecraft:wooden_pickaxe":2},"minecraft:broken":{"minecraft:stone_pickaxe":1,"minecraft:iron_axe":1,"minecraft:iron_sword":2,"minecraft:iron_pickaxe":1,"minecraft:iron_helmet":1},"minecraft:killed":{"minecraft:cave_spider":3,"alexsmobs:raccoon":1,"minecraft:spider":14,"alexsmobs:snow_leopard":2,"alexsmobs:seagull":1,"creeperoverhaul:snowy_creeper":1,"minecraft:skeleton":52,"minecraft:chicken":4,"alexsmobs:bison":2,"alexsmobs:skreecher":1,"minecraft:wolf":1,"minecraft:piglin":1,"minecraft:husk":1,"minecraft:pig":26,"alexsmobs:grizzly_bear":2,"minecraft:salmon":42,"alexsmobs:seal":4,"minecraft:creeper":3,"minecraft:sheep":12,"alexsmobs:catfish":2,"minecraft:zombie":49,"alexsmobs:terrapin":1,"alexsmobs:moose":8,"minecraft:glow_squid":1,"minecraft:cow":15},"minecraft:custom":{"minecraft:mob_kills":254,"minecraft:interact_with_crafting_table":62,"minecraft:leave_game":8,"minecraft:time_since_death":79263,"minecraft:climb_one_cm":4332,"minecraft:sprint_one_cm":1252458,"minecraft:walk_one_cm":561094,"minecraft:drop":63,"minecraft:play_time":355485,"minecraft:sneak_time":52809,"minecraft:deaths":4,"minecraft:walk_under_water_one_cm":74689,"minecraft:jump":7220,"minecraft:walk_on_water_one_cm":93353,"minecraft:total_world_time":355485,"minecraft:interact_with_furnace":151,"minecraft:tune_noteblock":10,"minecraft:sleep_in_bed":10,"minecraft:time_since_rest":4924,"minecraft:damage_taken":9786,"minecraft:damage_dealt":38898,"minecraft:swim_one_cm":285794,"minecraft:fly_one_cm":1361647,"minecraft:open_chest":94,"minecraft:crouch_one_cm":137623,"minecraft:fall_one_cm":204028},"minecraft:killed_by":{"alexsmobs:cachalot_whale":1,"minecraft:witch":1,"alexsmobs:moose":2},"minecraft:used":{"minecraft:iron_shovel":50,"minecraft:chest":4,"minecraft:spruce_planks":46,"minecraft:iron_sword":539,"minecraft:cooked_salmon":31,"minecraft:cooked_chicken":7,"minecraft:torch":541,"minecraft:dirt":35,"minecraft:jungle_planks":43,"minecraft:iron_hoe":82,"minecraft:wooden_axe":4,"minecraft:iron_axe":491,"minecraft:bow":37,"minecraft:furnace":12,"minecraft:beetroot_seeds":8,"minecraft:cooked_beef":13,"minecraft:cobbled_deepslate":70,"alexsmobs:cooked_catfish":4,"minecraft:wheat_seeds":22,"minecraft:cooked_mutton":5,"minecraft:water_bucket":7,"minecraft:diorite":3,"minecraft:stone_pickaxe":132,"minecraft:wooden_pickaxe":7,"biomesoplenty:fir_planks":134,"minecraft:white_wool":1,"minecraft:crafting_table":9,"minecraft:mushroom_stew":9,"minecraft:white_bed":2,"minecraft:bread":10,"minecraft:melon_slice":77,"minecraft:iron_pickaxe":819,"minecraft:stone_axe":55,"alexsmobs:cooked_moose_ribs":6,"travelersbackpack:standard":1,"biomesoplenty:fir_door":1,"minecraft:wooden_sword":28,"minecraft:cobblestone":155,"minecraft:cooked_porkchop":38,"minecraft:bucket":7,"minecraft:bone_meal":16},"minecraft:mined":{"minecraft:mossy_cobblestone":8,"minecraft:deepslate_diamond_ore":8,"minecraft:sculk_vein":1,"biomesoplenty:brimstone":11,"minecraft:glow_lichen":1,"gravestone:gravestone":1,"minecraft:grass_block":52,"minecraft:jungle_planks":1,"minecraft:jungle_log":50,"biomesoplenty:white_petals":2,"minecraft:brown_mushroom_block":3,"minecraft:spruce_leaves":4,"minecraft:red_mushroom":10,"biomesoplenty:tall_lavender":1,"minecraft:sculk_catalyst":2,"minecraft:furnace":5,"biomesoplenty:toadstool":4,"minecraft:iron_ore":126,"minecraft:snow":7,"biomesoplenty:lavender":8,"minecraft:andesite":2,"minecraft:gold_block":2,"minecraft:bookshelf":20,"biomesoplenty:hanging_cobweb":2,"minecraft:sculk_shrieker":2,"minecraft:pointed_dripstone":4,"minecraft:deepslate_iron_ore":36,"minecraft:vine":4,"minecraft:rail":58,"biomesoplenty:webbing":3,"minecraft:lantern":1,"minecraft:stripped_jungle_log":1,"minecraft:bamboo":2,"minecraft:stone":274,"biomesoplenty:spider_egg":2,"minecraft:white_wool":1,"morearmor:power_ore":2,"minecraft:deepslate_redstone_ore":1,"minecraft:brown_mushroom":69,"minecraft:blackstone":3,"minecraft:powder_snow":32,"biomesoplenty:hanging_cobweb_strand":1,"minecraft:cornflower":1,"minecraft:torch":3,"biomesoplenty:fir_planks":3,"minecraft:melon":18,"minecraft:dead_bush":2,"minecraft:sculk_sensor":1,"minecraft:mushroom_stem":1,"minecraft:cobblestone":7,"biomesoplenty:sprout":2,"minecraft:deepslate_gold_ore":23,"minecraft:lapis_ore":5,"minecraft:bricks":1,"minecraft:sugar_cane":1,"minecraft:diorite":3,"minecraft:wall_torch":2,"minecraft:spruce_stairs":1,"minecraft:chain":1,"minecraft:ice":3,"minecraft:spruce_log":23,"minecraft:birch_leaves":3,"biomesoplenty:maple_leaves":1,"biomesoplenty:fir_log":31,"minecraft:grass":152,"minecraft:oak_log":8,"minecraft:coal_ore":257,"biomesoplenty:fir_leaves":8,"minecraft:gravel":2,"minecraft:dirt":28,"minecraft:sand":1,"biomesoplenty:stringy_cobweb":3,"minecraft:cobweb":10,"minecraft:netherrack":24,"minecraft:oak_leaves":4,"minecraft:deepslate":78,"minecraft:fern":96}},"DataVersion":3465}