{"stats":{"minecraft:dropped":{"minecraft:wheat_seeds":1,"biomesoplenty:lavender":3,"minecraft:stick":18,"minecraft:music_disc_13":1,"minecraft:dirt":30,"minecraft:wooden_axe":2,"minecraft:wooden_sword":1,"minecraft:sand":1,"biomesoplenty:toadstool":1,"minecraft:stone_axe":1,"minecraft:sugar_cane":1,"minecraft:rotten_flesh":10,"minecraft:andesite":2,"alexsmobs:moose_ribs":1,"minecraft:spider_eye":3,"minecraft:wooden_pickaxe":2,"minecraft:beef":10},"minecraft:used":{"minecraft:chest":4,"minecraft:iron_sword":312,"minecraft:cooked_chicken":6,"minecraft:torch":179,"minecraft:dirt":7,"minecraft:jungle_planks":43,"minecraft:wooden_axe":4,"minecraft:iron_axe":154,"minecraft:bow":9,"minecraft:furnace":8,"minecraft:cooked_beef":8,"minecraft:cooked_mutton":5,"minecraft:diorite":3,"minecraft:stone_pickaxe":132,"minecraft:wooden_pickaxe":7,"biomesoplenty:fir_planks":79,"minecraft:white_wool":1,"minecraft:crafting_table":8,"minecraft:white_bed":1,"minecraft:bread":2,"minecraft:melon_slice":77,"minecraft:iron_pickaxe":339,"alexsmobs:cooked_moose_ribs":2,"minecraft:stone_axe":55,"minecraft:wooden_sword":28,"biomesoplenty:fir_door":1,"minecraft:cobblestone":95,"minecraft:cooked_porkchop":24},"minecraft:killed":{"minecraft:cave_spider":1,"minecraft:spider":6,"creeperoverhaul:snowy_creeper":1,"minecraft:skeleton":14,"minecraft:chicken":3,"alexsmobs:bison":2,"alexsmobs:skreecher":1,"minecraft:wolf":1,"minecraft:piglin":1,"minecraft:husk":1,"minecraft:pig":19,"alexsmobs:grizzly_bear":2,"minecraft:creeper":3,"minecraft:sheep":12,"minecraft:zombie":9,"alexsmobs:terrapin":1,"alexsmobs:moose":6,"minecraft:cow":11},"minecraft:mined":{"minecraft:mossy_cobblestone":2,"minecraft:deepslate_diamond_ore":1,"biomesoplenty:brimstone":11,"minecraft:grass_block":24,"minecraft:jungle_planks":1,"minecraft:jungle_log":50,"minecraft:red_mushroom":10,"biomesoplenty:tall_lavender":1,"minecraft:furnace":1,"biomesoplenty:toadstool":1,"minecraft:iron_ore":80,"biomesoplenty:lavender":8,"minecraft:andesite":2,"biomesoplenty:hanging_cobweb":2,"minecraft:deepslate_iron_ore":4,"minecraft:vine":4,"biomesoplenty:webbing":3,"minecraft:stripped_jungle_log":1,"minecraft:bamboo":2,"biomesoplenty:spider_egg":1,"minecraft:stone":188,"minecraft:white_wool":1,"minecraft:powder_snow":31,"biomesoplenty:hanging_cobweb_strand":1,"minecraft:torch":2,"biomesoplenty:fir_planks":3,"minecraft:melon":18,"minecraft:cobblestone":7,"minecraft:lapis_ore":5,"minecraft:deepslate_gold_ore":7,"minecraft:sugar_cane":1,"minecraft:diorite":3,"minecraft:wall_torch":1,"biomesoplenty:fir_log":7,"minecraft:grass":40,"minecraft:oak_log":8,"minecraft:coal_ore":135,"minecraft:sand":1,"minecraft:dirt":4,"biomesoplenty:stringy_cobweb":2,"minecraft:cobweb":7,"minecraft:netherrack":24,"minecraft:deepslate":6,"minecraft:fern":24},"minecraft:killed_by":{"minecraft:witch":1,"alexsmobs:moose":1},"minecraft:custom":{"minecraft:mob_kills":97,"minecraft:interact_with_crafting_table":34,"minecraft:leave_game":3,"minecraft:time_since_death":50228,"minecraft:climb_one_cm":533,"minecraft:sprint_one_cm":497347,"minecraft:walk_one_cm":206343,"minecraft:drop":26,"minecraft:play_time":137743,"minecraft:deaths":2,"minecraft:sneak_time":25714,"minecraft:walk_under_water_one_cm":12710,"minecraft:jump":3576,"minecraft:walk_on_water_one_cm":31486,"minecraft:total_world_time":137743,"minecraft:interact_with_furnace":72,"minecraft:sleep_in_bed":3,"minecraft:time_since_rest":6715,"minecraft:damage_taken":4931,"minecraft:damage_dealt":17579,"minecraft:swim_one_cm":90807,"minecraft:fly_one_cm":585857,"minecraft:open_chest":19,"minecraft:crouch_one_cm":71141,"minecraft:fall_one_cm":105605},"minecraft:broken":{"minecraft:stone_pickaxe":1,"minecraft:iron_sword":1},"minecraft:crafted":{"minecraft:wooden_sword":1,"minecraft:oak_planks":32,"minecraft:cooked_chicken":8,"minecraft:furnace":7,"minecraft:cooked_mutton":5,"minecraft:iron_boots":2,"minecraft:iron_axe":2,"minecraft:stone_pickaxe":1,"minecraft:chest":4,"minecraft:cooked_beef":9,"minecraft:cooked_porkchop":25,"alexsmobs:cooked_lobster_tail":1,"minecraft:crafting_table":8,"minecraft:wooden_pickaxe":1,"minecraft:iron_helmet":2,"minecraft:iron_sword":2,"alexsmobs:cooked_moose_ribs":11,"minecraft:stone_axe":1,"minecraft:air":0,"minecraft:jungle_planks":152,"biomesoplenty:fir_planks":222,"minecraft:iron_chestplate":2,"minecraft:stick":144,"minecraft:iron_ingot":71,"minecraft:iron_pickaxe":3,"minecraft:wooden_axe":1,"minecraft:iron_leggings":2,"minecraft:white_bed":1,"minecraft:torch":292,"biomesoplenty:fir_door":3},"minecraft:picked_up":{"minecraft:wooden_axe":2,"minecraft:cocoa_beans":12,"minecraft:iron_chestplate":1,"minecraft:chicken":3,"minecraft:wooden_pickaxe":2,"minecraft:string":14,"minecraft:iron_axe":1,"biomesoplenty:brimstone":3,"minecraft:cobbled_deepslate":6,"biomesoplenty:fir_planks":3,"minecraft:beef":38,"minecraft:iron_pickaxe":1,"minecraft:melon_slice":95,"minecraft:sugar_cane":2,"minecraft:furnace":1,"minecraft:stick":25,"minecraft:raw_iron":85,"minecraft:torch":58,"minecraft:porkchop":43,"minecraft:diorite":5,"minecraft:rotten_flesh":13,"minecraft:arrow":9,"minecraft:mutton":20,"alexsmobs:lobster_tail":1,"minecraft:white_wool":17,"minecraft:cobblestone":196,"biomesoplenty:lavender":3,"minecraft:feather":2,"minecraft:andesite":4,"minecraft:jungle_log":65,"minecraft:leather":12,"minecraft:red_mushroom":10,"alexsmobs:skreecher_soul":1,"biomesoplenty:fir_sapling":1,"biomesoplenty:fir_log":56,"minecraft:oak_log":8,"minecraft:gunpowder":5,"minecraft:lapis_lazuli":54,"minecraft:dirt":79,"minecraft:bone":25,"minecraft:bow":2,"minecraft:wheat_seeds":6,"minecraft:raw_gold":7,"minecraft:iron_ingot":17,"minecraft:bamboo":50,"minecraft:iron_sword":1,"minecraft:oak_planks":20,"biomesoplenty:toadstool":1,"minecraft:jungle_planks":1,"minecraft:sand":2,"alexsmobs:animal_dictionary":3,"minecraft:spider_eye":4,"minecraft:diamond":1,"minecraft:stone_axe":2,"minecraft:iron_helmet":1,"alexsmobs:moose_ribs":15,"minecraft:netherrack":24,"minecraft:black_wool":2,"minecraft:coal":133}},"DataVersion":3465}