{"stats":{"minecraft:crafted":{"minecraft:black_dye":2,"minecraft:oak_planks":92,"minecraft:cooked_chicken":12,"minecraft:cooked_mutton":11,"minecraft:glass":35,"minecraft:iron_boots":4,"justhammers:diamond_hammer":1,"minecraft:chest":12,"alexsmobs:cooked_catfish":8,"minecraft:black_wool":2,"minecraft:arrow":16,"minecraft:cooked_porkchop":51,"minecraft:diamond_axe":1,"minecraft:crafting_table":13,"minecraft:spruce_planks":92,"minecraft:iron_helmet":5,"minecraft:wooden_pickaxe":1,"travelersbackpack:standard":1,"biomesoplenty:fir_planks":322,"minecraft:iron_chestplate":4,"minecraft:diamond_pickaxe":2,"minecraft:stick":496,"minecraft:iron_ingot":147,"minecraft:iron_pickaxe":6,"minecraft:beetroot_soup":3,"biomesoplenty:fir_door":3,"minecraft:cherry_planks":56,"minecraft:wooden_sword":1,"minecraft:furnace":11,"minecraft:mushroom_stew":9,"minecraft:bone_meal":15,"minecraft:iron_axe":6,"minecraft:iron_hoe":1,"minecraft:stone_pickaxe":1,"minecraft:diamond_boots":1,"minecraft:wheat":72,"minecraft:cooked_beef":37,"minecraft:cooked_cod":2,"alexsmobs:cooked_lobster_tail":1,"travelersbackpack:backpack_tank":2,"minecraft:iron_sword":3,"alexsmobs:cooked_moose_ribs":14,"minecraft:bowl":12,"minecraft:cooked_salmon":72,"travelersbackpack:black_sleeping_bag":1,"minecraft:bucket":2,"minecraft:stone_axe":1,"minecraft:bread":62,"minecraft:air":0,"minecraft:jungle_planks":152,"minecraft:blue_dye":1,"minecraft:wooden_axe":1,"minecraft:iron_shovel":1,"minecraft:iron_leggings":5,"minecraft:white_bed":1,"minecraft:torch":1248,"minecraft:diamond_chestplate":1},"minecraft:mined":{"minecraft:white_bed":1,"minecraft:sculk_vein":4,"minecraft:cherry_log":14,"minecraft:red_nether_bricks":2,"biomesoplenty:brimstone":11,"minecraft:grass_block":61,"minecraft:jungle_log":50,"minecraft:spawner":3,"biomesoplenty:tall_lavender":4,"minecraft:sculk_catalyst":4,"minecraft:iron_ore":176,"biomesoplenty:lavender":36,"minecraft:pumpkin":8,"minecraft:deepslate_lapis_ore":8,"biomesoplenty:hanging_cobweb":2,"minecraft:sculk_shrieker":2,"minecraft:pointed_dripstone":4,"biomesoplenty:webbing":6,"minecraft:stripped_mangrove_wood":1,"minecraft:deepslate_redstone_ore":44,"minecraft:brown_mushroom":77,"minecraft:blackstone":3,"minecraft:powder_snow":32,"biomesoplenty:hanging_cobweb_strand":1,"minecraft:torch":4,"minecraft:blast_furnace":2,"minecraft:calcite":4,"minecraft:melon":18,"minecraft:dead_bush":2,"minecraft:mushroom_stem":1,"minecraft:smooth_quartz_slab":1,"minecraft:cobblestone":13,"minecraft:sugar_cane":1,"minecraft:bricks":1,"minecraft:wall_torch":2,"minecraft:chain":1,"minecraft:wheat":116,"biomesoplenty:maple_leaves":1,"biomesoplenty:fir_log":34,"minecraft:grass":194,"minecraft:oak_log":28,"minecraft:beetroots":29,"minecraft:sand":1,"minecraft:dirt":46,"minecraft:netherrack":24,"minecraft:oak_leaves":4,"minecraft:cyan_candle":2,"minecraft:deepslate":1499,"minecraft:diamond_ore":1,"minecraft:tuff":172,"minecraft:mossy_cobblestone":14,"minecraft:deepslate_diamond_ore":25,"minecraft:potted_flowering_azalea_bush":1,"minecraft:glow_lichen":1,"gravestone:gravestone":2,"biomesoplenty:bush":3,"minecraft:jungle_planks":1,"biomesoplenty:white_petals":2,"minecraft:brown_mushroom_block":3,"minecraft:spruce_leaves":18,"minecraft:red_mushroom":10,"minecraft:hay_block":9,"minecraft:waxed_oxidized_cut_copper":1,"minecraft:furnace":7,"biomesoplenty:toadstool":4,"minecraft:snow":13,"minecraft:andesite":3,"minecraft:gold_block":2,"minecraft:polished_deepslate":1,"minecraft:bookshelf":47,"minecraft:deepslate_iron_ore":55,"minecraft:vine":4,"minecraft:rail":58,"minecraft:lantern":1,"minecraft:stripped_jungle_log":1,"minecraft:bamboo":2,"biomesoplenty:spider_egg":2,"minecraft:stone":543,"minecraft:white_wool":1,"morearmor:power_ore":2,"minecraft:cherry_planks":1,"minecraft:snow_block":3,"minecraft:cornflower":1,"minecraft:emerald_ore":18,"biomesoplenty:fir_planks":3,"minecraft:sculk_sensor":3,"minecraft:lectern":1,"minecraft:tall_grass":16,"minecraft:copper_ore":2,"minecraft:deepslate_coal_ore":6,"minecraft:deepslate_gold_ore":84,"biomesoplenty:sprout":2,"minecraft:lapis_ore":5,"minecraft:sculk":8,"minecraft:diorite":3,"minecraft:spruce_stairs":1,"minecraft:coarse_dirt":1,"minecraft:ice":7,"minecraft:spruce_log":23,"minecraft:birch_leaves":3,"minecraft:coal_ore":474,"biomesoplenty:fir_leaves":8,"minecraft:gravel":98,"biomesoplenty:stringy_cobweb":3,"minecraft:cobweb":10,"minecraft:gold_ore":2,"minecraft:fern":98,"minecraft:infested_stone":1},"minecraft:dropped":{"minecraft:iron_sword":1,"minecraft:glow_ink_sac":7,"minecraft:lantern":1,"minecraft:music_disc_13":1,"minecraft:dirt":32,"minecraft:snowball":12,"minecraft:chain":1,"gravestone:obituary":2,"minecraft:wooden_sword":1,"minecraft:sand":1,"minecraft:gravel":60,"biomesoplenty:toadstool":1,"minecraft:stone_axe":1,"minecraft:sugar_cane":1,"minecraft:iron_nugget":10,"minecraft:cobbled_deepslate":6,"minecraft:music_disc_otherside":1,"minecraft:obsidian":4,"minecraft:rotten_flesh":116,"alexsmobs:moose_ribs":3,"minecraft:iron_bars":5,"minecraft:arrow":1,"minecraft:beef":10,"minecraft:wheat_seeds":13,"minecraft:mossy_cobblestone":1,"minecraft:golden_horse_armor":1,"biomesoplenty:lavender":3,"minecraft:book":48,"minecraft:feather":2,"minecraft:cobblestone":16,"minecraft:spruce_stairs":1,"minecraft:stick":83,"minecraft:ink_sac":27,"minecraft:torch":12,"minecraft:wooden_axe":2,"minecraft:cooked_salmon":2,"minecraft:iron_leggings":1,"minecraft:iron_shovel":1,"minecraft:string":1,"minecraft:dark_oak_sign":8,"minecraft:bowl":10,"minecraft:chicken":1,"minecraft:iron_boots":1,"minecraft:sea_pickle":3,"minecraft:flower_pot":1,"biomesoplenty:fir_planks":2,"minecraft:iron_chestplate":2,"minecraft:andesite":2,"minecraft:spider_eye":4,"minecraft:bow":3,"minecraft:wooden_pickaxe":2},"minecraft:used":{"minecraft:beetroot":14,"minecraft:iron_shovel":156,"minecraft:chest":11,"minecraft:iron_sword":539,"minecraft:jungle_planks":43,"minecraft:tuff":16,"minecraft:snowball":16,"minecraft:bow":116,"minecraft:furnace":17,"minecraft:cooked_cod":2,"minecraft:beetroot_seeds":86,"minecraft:diorite":3,"minecraft:stone_pickaxe":132,"minecraft:wooden_pickaxe":7,"biomesoplenty:lavender":1,"minecraft:diamond_axe":213,"biomesoplenty:fir_planks":134,"minecraft:white_wool":1,"minecraft:mushroom_stew":9,"minecraft:melon_slice":77,"minecraft:bread":72,"minecraft:gravel":38,"alexsmobs:cooked_moose_ribs":6,"minecraft:wooden_sword":28,"minecraft:bone_meal":16,"minecraft:spruce_planks":46,"minecraft:cooked_salmon":68,"minecraft:cooked_chicken":7,"minecraft:torch":1175,"minecraft:dirt":70,"minecraft:iron_hoe":115,"minecraft:wooden_axe":4,"minecraft:iron_axe":796,"minecraft:cooked_beef":18,"minecraft:cherry_fence":1,"minecraft:cobbled_deepslate":183,"minecraft:beetroot_soup":1,"minecraft:wheat_seeds":263,"minecraft:cooked_mutton":5,"alexsmobs:cooked_catfish":4,"minecraft:water_bucket":24,"minecraft:red_nether_bricks":2,"justhammers:diamond_hammer":19,"minecraft:crafting_table":13,"minecraft:white_bed":3,"minecraft:diamond_pickaxe":2123,"minecraft:iron_pickaxe":1060,"minecraft:spruce_sapling":1,"minecraft:stone_axe":55,"minecraft:cobblestone":283,"biomesoplenty:fir_door":1,"travelersbackpack:standard":31,"minecraft:cooked_porkchop":50,"minecraft:bucket":25},"minecraft:custom":{"minecraft:interact_with_crafting_table":92,"minecraft:leave_game":25,"minecraft:time_since_death":263142,"minecraft:sprint_one_cm":2164120,"minecraft:drop":101,"minecraft:play_time":624863,"minecraft:deaths":5,"minecraft:jump":12916,"minecraft:walk_on_water_one_cm":143008,"minecraft:enchant_item":6,"minecraft:interact_with_furnace":220,"minecraft:interact_with_cartography_table":2,"minecraft:sleep_in_bed":12,"minecraft:damage_dealt":61092,"minecraft:crouch_one_cm":245428,"minecraft:interact_with_smithing_table":1,"minecraft:mob_kills":422,"minecraft:climb_one_cm":5395,"minecraft:walk_one_cm":1001752,"minecraft:sneak_time":95226,"minecraft:walk_under_water_one_cm":120520,"minecraft:boat_one_cm":1405,"minecraft:interact_with_blast_furnace":2,"minecraft:total_world_time":624863,"minecraft:tune_noteblock":10,"minecraft:time_since_rest":10466,"minecraft:damage_taken":16041,"minecraft:swim_one_cm":460214,"minecraft:fly_one_cm":2339104,"minecraft:open_chest":248,"minecraft:fall_one_cm":341839},"minecraft:picked_up":{"minecraft:wooden_axe":2,"minecraft:iron_chestplate":3,"minecraft:wheat":80,"minecraft:flower_pot":1,"minecraft:potion":1,"travelersbackpack:spider":1,"minecraft:polished_deepslate":1,"minecraft:string":24,"minecraft:raw_copper":9,"minecraft:red_nether_bricks":2,"minecraft:iron_leggings":1,"biomesoplenty:brimstone":6,"minecraft:beetroot":27,"minecraft:sea_pickle":6,"minecraft:cobbled_deepslate":1039,"biomesoplenty:fir_planks":5,"alexsmobs:cooked_moose_ribs":1,"minecraft:calcite":4,"minecraft:iron_pickaxe":3,"minecraft:melon_slice":96,"minecraft:furnace":7,"minecraft:iron_boots":1,"minecraft:stick":60,"minecraft:torch":167,"minecraft:spruce_stairs":1,"minecraft:porkchop":69,"minecraft:cherry_log":14,"minecraft:pointed_dripstone":9,"minecraft:diorite":5,"minecraft:rotten_flesh":151,"biomesoplenty:white_petals":6,"minecraft:snowball":33,"alexsmobs:lobster_tail":1,"minecraft:cobblestone":661,"biomesoplenty:lavender":16,"minecraft:feather":12,"minecraft:cooked_beef":1,"minecraft:andesite":14,"minecraft:jungle_log":65,"alexsmobs:bison_fur":2,"biomesoplenty:fir_sapling":6,"biomesoplenty:fir_log":81,"minecraft:flint":10,"minecraft:tuff":144,"minecraft:cherry_fence":1,"minecraft:lantern":2,"minecraft:lapis_lazuli":151,"minecraft:dirt":183,"minecraft:bone":92,"minecraft:bow":7,"minecraft:wheat_seeds":284,"minecraft:raw_gold":86,"minecraft:dark_oak_sign":8,"minecraft:cyan_candle":6,"minecraft:bamboo":50,"minecraft:oak_planks":20,"biomesoplenty:toadstool":4,"minecraft:jungle_planks":1,"minecraft:sand":37,"minecraft:ink_sac":39,"alexsmobs:animal_dictionary":3,"minecraft:mossy_cobblestone":20,"minecraft:diamond":26,"minecraft:bone_meal":2,"alexsmobs:moose_ribs":21,"minecraft:emerald":18,"alexsmobs:maggot":1,"minecraft:netherrack":48,"minecraft:cocoa_beans":12,"minecraft:waxed_oxidized_cut_copper":1,"minecraft:coarse_dirt":1,"minecraft:chicken":8,"minecraft:brown_mushroom":71,"minecraft:wooden_pickaxe":2,"minecraft:gold_block":2,"travelersbackpack:sandstone":1,"minecraft:chain":1,"minecraft:cornflower":1,"minecraft:iron_axe":2,"minecraft:blackstone":5,"minecraft:music_disc_otherside":1,"minecraft:beef":64,"minecraft:lectern":1,"minecraft:sugar_cane":2,"minecraft:egg":3,"minecraft:raw_iron":234,"minecraft:stripped_mangrove_wood":1,"morearmor:power_dust":4,"minecraft:carrot":1,"minecraft:redstone":195,"minecraft:arrow":83,"minecraft:beetroot_seeds":78,"minecraft:hay_block":8,"minecraft:mutton":28,"minecraft:rail":59,"minecraft:white_wool":24,"minecraft:glow_ink_sac":11,"minecraft:salmon":74,"minecraft:leather":21,"minecraft:red_mushroom":19,"alexsmobs:skreecher_soul":1,"alexsmobs:cachalot_whale_tooth":6,"minecraft:oak_log":28,"minecraft:gunpowder":6,"minecraft:iron_ingot":19,"minecraft:cooked_chicken":2,"travelersbackpack:blank_upgrade":1,"minecraft:flowering_azalea":1,"minecraft:iron_sword":2,"minecraft:book":138,"minecraft:smooth_basalt":1,"minecraft:pumpkin":8,"minecraft:gravel":103,"minecraft:blast_furnace":2,"minecraft:spruce_sapling":1,"minecraft:white_bed":2,"minecraft:spruce_log":23,"minecraft:spider_eye":10,"alexsmobs:raw_catfish":8,"minecraft:stone_axe":2,"minecraft:iron_helmet":2,"minecraft:painting":1,"minecraft:black_wool":2,"minecraft:smooth_quartz_slab":1,"minecraft:coal":484},"minecraft:killed_by":{"alexsmobs:cachalot_whale":2,"minecraft:witch":1,"alexsmobs:moose":2},"minecraft:killed":{"minecraft:cave_spider":6,"minecraft:spider":25,"alexsmobs:snow_leopard":2,"minecraft:skeleton":83,"minecraft:chicken":9,"minecraft:wolf":1,"minecraft:piglin":1,"minecraft:pig":36,"alexsmobs:grizzly_bear":2,"minecraft:salmon":82,"alexsmobs:seal":4,"minecraft:creeper":7,"minecraft:sheep":17,"minecraft:goat":2,"minecraft:zombie":83,"alexsmobs:cachalot_whale":1,"alexsmobs:terrapin":1,"minecraft:glow_squid":2,"minecraft:cow":18,"mca:female_zombie_villager":1,"alexsmobs:raccoon":1,"alexsmobs:seagull":1,"creeperoverhaul:snowy_creeper":1,"alexsmobs:bison":4,"alexsmobs:skreecher":3,"minecraft:husk":8,"alexsmobs:catfish":3,"alexsmobs:cockroach":1,"alexsmobs:moose":8},"minecraft:broken":{"minecraft:iron_leggings":1,"minecraft:stone_pickaxe":1,"minecraft:iron_sword":2,"minecraft:iron_axe":4,"minecraft:iron_pickaxe":2,"minecraft:iron_helmet":3}},"DataVersion":3465}