{"stats":{"minecraft:killed":{"minecraft:spider":1},"minecraft:used":{"minecraft:torch":11,"minecraft:wooden_axe":18,"minecraft:crafting_table":3,"minecraft:stone_pickaxe":117,"minecraft:wooden_pickaxe":12,"minecraft:gravel":6},"minecraft:mined":{"minecraft:coal_ore":44,"biomesoplenty:fir_leaves":6,"minecraft:gravel":8,"minecraft:stone":85,"minecraft:powder_snow":24,"minecraft:crafting_table":2,"biomesoplenty:fir_log":11,"minecraft:fern":2},"minecraft:custom":{"minecraft:time_since_rest":10256,"minecraft:open_chest":1,"minecraft:crouch_one_cm":729,"minecraft:sprint_one_cm":10487,"minecraft:interact_with_furnace":2,"minecraft:play_time":10256,"minecraft:damage_taken":160,"minecraft:walk_one_cm":25189,"minecraft:sneak_time":146,"minecraft:mob_kills":1,"minecraft:jump":112,"minecraft:damage_dealt":159,"minecraft:leave_game":2,"minecraft:time_since_death":10256,"minecraft:total_world_time":10256,"minecraft:interact_with_crafting_table":3,"minecraft:fall_one_cm":3895,"minecraft:fly_one_cm":18860},"minecraft:crafted":{"biomesoplenty:fir_planks":44,"minecraft:torch":96,"minecraft:crafting_table":1,"minecraft:stick":36,"minecraft:wooden_pickaxe":1,"minecraft:stone_pickaxe":1,"minecraft:wooden_axe":1},"minecraft:picked_up":{"minecraft:crafting_table":2,"minecraft:stick":2,"minecraft:gravel":6,"biomesoplenty:fir_log":11,"minecraft:flint":1,"minecraft:string":2,"minecraft:coal":44,"minecraft:cobblestone":85}},"DataVersion":3465}