{"stats":{"minecraft:killed":{"minecraft:spider":9,"alexsmobs:seagull":1,"minecraft:skeleton":7,"minecraft:husk":11,"minecraft:pig":5,"minecraft:sheep":2,"minecraft:goat":1,"minecraft:zombie":21},"minecraft:picked_up":{"minecraft:wooden_axe":1,"minecraft:charcoal":2,"minecraft:crafting_table":12,"minecraft:rabbit_stew":1,"minecraft:string":10,"biomesoplenty:fir_door":4,"minecraft:raw_copper":87,"minecraft:cobbled_deepslate":52,"biomesoplenty:fir_planks":15,"minecraft:calcite":2,"minecraft:furnace":9,"minecraft:dark_oak_sapling":2,"minecraft:stick":9,"minecraft:raw_iron":44,"minecraft:bowl":1,"minecraft:torch":41,"minecraft:porkchop":13,"minecraft:carrot":1,"minecraft:redstone":55,"minecraft:rotten_flesh":27,"minecraft:stone_sword":1,"minecraft:arrow":8,"minecraft:mutton":3,"minecraft:white_wool":2,"minecraft:cobblestone":217,"minecraft:feather":2,"biomesoplenty:fir_button":1,"biomesoplenty:fir_sapling":15,"biomesoplenty:fir_log":288,"minecraft:flint":1,"minecraft:tuff":3,"mca:book_romance":1,"minecraft:dirt":14,"minecraft:bone":10,"biomesoplenty:stripped_fir_log":1,"minecraft:wheat_seeds":1,"minecraft:raw_gold":33,"minecraft:iron_ingot":1,"minecraft:book":116,"biomesoplenty:toadstool":1,"minecraft:cooked_porkchop":1,"minecraft:sweet_berries":27,"minecraft:dandelion":1,"minecraft:gravel":8,"minecraft:spruce_sapling":1,"alexsmobs:animal_dictionary":1,"minecraft:spider_eye":6,"minecraft:diamond":6,"minecraft:lever":3,"minecraft:emerald":2,"minecraft:coal":223},"minecraft:broken":{"minecraft:stone_sword":1,"morearmor:cobblestone_armor_helmet":1,"minecraft:stone_hoe":1,"minecraft:stone_pickaxe":2,"minecraft:stone_axe":3,"minecraft:iron_hoe":1},"minecraft:mined":{"minecraft:tuff":2,"biomesoplenty:fir_button":4,"minecraft:dark_oak_leaves":21,"minecraft:deepslate_diamond_ore":6,"minecraft:sculk_vein":78,"minecraft:lever":2,"gravestone:gravestone":1,"minecraft:grass_block":10,"minecraft:spruce_leaves":3,"minecraft:spawner":1,"minecraft:hay_block":3,"biomesoplenty:stripped_fir_log":1,"minecraft:furnace":9,"minecraft:sculk_catalyst":1,"biomesoplenty:toadstool":1,"minecraft:iron_ore":32,"minecraft:cobbled_deepslate":2,"minecraft:bookshelf":39,"minecraft:deepslate_iron_ore":12,"minecraft:packed_ice":1,"minecraft:stone":191,"minecraft:deepslate_redstone_ore":12,"minecraft:dandelion":1,"minecraft:powder_snow":24,"minecraft:crafting_table":12,"minecraft:torch":21,"minecraft:calcite":2,"biomesoplenty:fir_planks":16,"minecraft:sculk_sensor":2,"minecraft:campfire":1,"minecraft:copper_ore":25,"minecraft:cobblestone":19,"minecraft:deepslate_gold_ore":28,"minecraft:sculk":774,"minecraft:wall_torch":15,"minecraft:sweet_berry_bush":9,"biomesoplenty:fir_log":289,"minecraft:mangrove_slab":1,"minecraft:grass":4,"minecraft:coal_ore":161,"biomesoplenty:fir_leaves":120,"minecraft:dirt":4,"minecraft:gravel":8,"minecraft:gold_ore":5,"minecraft:deepslate_emerald_ore":2,"minecraft:deepslate":50,"minecraft:fern":6},"minecraft:crafted":{"minecraft:diamond_hoe":1,"minecraft:furnace":4,"minecraft:lever":4,"minecraft:cooked_mutton":2,"morearmor:cobblestone_armor_boots":1,"morearmor:cobblestone_armor_chestplate":9,"minecraft:iron_boots":1,"morearmor:cobblestone_armor_leggings":1,"minecraft:iron_hoe":1,"minecraft:stone_pickaxe":3,"minecraft:chest":4,"minecraft:stone_hoe":2,"minecraft:diamond_sword":1,"minecraft:cooked_porkchop":13,"morearmor:cobblestone_armor_helmet":1,"minecraft:crafting_table":4,"minecraft:wooden_pickaxe":1,"minecraft:iron_helmet":1,"minecraft:copper_ingot":87,"minecraft:bucket":1,"minecraft:stone_axe":4,"minecraft:air":0,"biomesoplenty:fir_planks":612,"minecraft:iron_chestplate":1,"minecraft:stick":76,"minecraft:iron_ingot":43,"minecraft:iron_pickaxe":1,"minecraft:wooden_axe":1,"minecraft:stone_sword":2,"minecraft:gold_ingot":33,"minecraft:iron_leggings":1,"biomesoplenty:fir_button":4,"minecraft:torch":96,"biomesoplenty:fir_door":6},"minecraft:custom":{"minecraft:mob_kills":58,"minecraft:interact_with_crafting_table":40,"minecraft:open_barrel":13,"minecraft:damage_dealt_resisted":780,"minecraft:leave_game":8,"minecraft:time_since_death":39602,"minecraft:climb_one_cm":1784,"minecraft:damage_resisted":84,"minecraft:sprint_one_cm":189990,"minecraft:walk_one_cm":542119,"minecraft:drop":33,"minecraft:play_time":156352,"minecraft:deaths":1,"minecraft:sneak_time":9655,"minecraft:walk_under_water_one_cm":12686,"minecraft:jump":2067,"minecraft:interact_with_blast_furnace":3,"minecraft:walk_on_water_one_cm":25176,"minecraft:total_world_time":156352,"minecraft:interact_with_furnace":37,"minecraft:tune_noteblock":1,"minecraft:sleep_in_bed":1,"minecraft:time_since_rest":15364,"minecraft:damage_taken":2243,"minecraft:damage_dealt":12162,"minecraft:swim_one_cm":21041,"minecraft:fly_one_cm":182619,"minecraft:open_chest":25,"minecraft:crouch_one_cm":31416,"minecraft:fall_one_cm":43697},"minecraft:dropped":{"minecraft:stone_hoe":1,"minecraft:dark_oak_sapling":2,"minecraft:feather":2,"minecraft:flint":1,"mca:book_romance":1,"minecraft:wooden_axe":2,"gravestone:obituary":1,"biomesoplenty:fir_door":6,"minecraft:glistering_melon_slice":1,"minecraft:white_wool":2,"minecraft:spruce_sapling":1,"biomesoplenty:toadstool":1,"minecraft:lever":1,"minecraft:stone_sword":2,"alexsmobs:animal_dictionary":1,"minecraft:bowl":1,"morearmor:cobblestone_armor_leggings":1,"biomesoplenty:fir_planks":6,"minecraft:charcoal":2,"morearmor:cobblestone_armor_boots":1,"minecraft:spider_eye":6,"minecraft:stone_pickaxe":1,"minecraft:wooden_pickaxe":1,"morearmor:cobblestone_armor_chestplate":1,"biomesoplenty:fir_button":1},"minecraft:used":{"minecraft:stone_sword":230,"minecraft:diamond_hoe":389,"minecraft:chest":4,"biomesoplenty:fir_button":4,"minecraft:player_head":1,"minecraft:stone_hoe":204,"minecraft:iron_chestplate":1,"minecraft:torch":101,"minecraft:dirt":14,"minecraft:carrot":15,"minecraft:tuff":3,"minecraft:iron_hoe":250,"minecraft:wooden_axe":29,"minecraft:lava_bucket":1,"minecraft:iron_helmet":1,"minecraft:iron_boots":1,"minecraft:rabbit_stew":1,"minecraft:sweet_berries":42,"minecraft:furnace":13,"minecraft:cobbled_deepslate":48,"minecraft:iron_leggings":1,"minecraft:calcite":2,"minecraft:cooked_mutton":2,"minecraft:stone_pickaxe":403,"minecraft:wooden_pickaxe":30,"biomesoplenty:fir_planks":344,"minecraft:crafting_table":16,"minecraft:lever":5,"minecraft:iron_pickaxe":158,"minecraft:gravel":8,"minecraft:stone_axe":451,"minecraft:diamond_sword":105,"minecraft:cobblestone":50,"biomesoplenty:fir_door":3,"minecraft:cooked_porkchop":13,"minecraft:bucket":1,"alexsmobs:animal_dictionary":1,"biomesoplenty:fir_log":8,"minecraft:dandelion":1}},"DataVersion":3465}