{"stats":{"minecraft:dropped":{"biomesoplenty:toadstool":1,"minecraft:wooden_axe":1},"minecraft:killed":{"minecraft:pig":1,"minecraft:spider":1,"alexsmobs:seagull":1},"minecraft:used":{"minecraft:wooden_axe":23,"minecraft:stone_pickaxe":141,"minecraft:wooden_pickaxe":30,"minecraft:gravel":6,"minecraft:stone_axe":201,"minecraft:torch":11,"minecraft:dirt":2,"minecraft:cobblestone":24,"minecraft:crafting_table":6,"minecraft:furnace":1,"minecraft:cooked_porkchop":2,"alexsmobs:animal_dictionary":1},"minecraft:mined":{"minecraft:furnace":1,"biomesoplenty:toadstool":1,"minecraft:powder_snow":24,"biomesoplenty:fir_log":144,"minecraft:crafting_table":5,"minecraft:torch":3,"minecraft:coal_ore":57,"biomesoplenty:fir_leaves":81,"minecraft:gravel":8,"minecraft:dirt":4,"minecraft:cobblestone":10,"minecraft:stone":91,"minecraft:wall_torch":7,"minecraft:fern":2},"minecraft:custom":{"minecraft:interact_with_furnace":5,"minecraft:sprint_one_cm":18422,"minecraft:damage_taken":160,"minecraft:walk_one_cm":59092,"minecraft:mob_kills":3,"minecraft:drop":2,"minecraft:damage_dealt":339,"minecraft:swim_one_cm":725,"minecraft:interact_with_crafting_table":6,"minecraft:fly_one_cm":26881,"minecraft:open_chest":1,"minecraft:crouch_one_cm":1850,"minecraft:play_time":24319,"minecraft:sneak_time":578,"minecraft:walk_under_water_one_cm":245,"minecraft:jump":308,"minecraft:leave_game":4,"minecraft:time_since_death":24319,"minecraft:walk_on_water_one_cm":2599,"minecraft:total_world_time":24319,"minecraft:fall_one_cm":6105,"minecraft:time_since_rest":24319},"minecraft:broken":{"minecraft:stone_pickaxe":1,"minecraft:stone_axe":1},"minecraft:crafted":{"biomesoplenty:fir_planks":44,"minecraft:cooked_porkchop":3,"minecraft:crafting_table":1,"minecraft:stick":52,"minecraft:wooden_pickaxe":1,"minecraft:stone_pickaxe":3,"minecraft:wooden_axe":1,"minecraft:stone_sword":2,"minecraft:furnace":1,"minecraft:torch":96,"minecraft:stone_axe":2,"minecraft:air":0},"minecraft:picked_up":{"minecraft:wooden_axe":1,"biomesoplenty:toadstool":1,"minecraft:stick":5,"minecraft:crafting_table":5,"minecraft:feather":1,"minecraft:cooked_porkchop":1,"minecraft:torch":9,"biomesoplenty:fir_sapling":10,"minecraft:gravel":6,"biomesoplenty:fir_log":143,"minecraft:porkchop":3,"minecraft:flint":1,"minecraft:dirt":4,"minecraft:string":2,"minecraft:coal":89,"minecraft:cobblestone":101,"minecraft:furnace":1}},"DataVersion":3465}