{"stats":{"minecraft:dropped":{"biomesoplenty:toadstool":3,"minecraft:furnace":1,"minecraft:stone_axe":1,"minecraft:wheat_seeds":2,"minecraft:stone_sword":1,"minecraft:feather":4,"minecraft:wooden_axe":1,"minecraft:stone_pickaxe":1,"minecraft:wooden_pickaxe":2},"minecraft:killed":{"minecraft:pig":3,"minecraft:sheep":3,"minecraft:chicken":4,"alexsmobs:fly":1,"minecraft:cow":2},"minecraft:used":{"alexsmobs:emu_egg":2,"minecraft:stone_sword":28,"minecraft:stone_pickaxe":89,"minecraft:wooden_pickaxe":7,"biomesoplenty:lavender":1,"minecraft:oak_leaves":1,"minecraft:crafting_table":5,"minecraft:white_bed":1,"minecraft:wooden_axe":10,"alexsmobs:maggot":1,"minecraft:iron_boots":1,"minecraft:stone_axe":9,"minecraft:cobblestone":1,"minecraft:furnace":3,"alexsmobs:animal_dictionary":1,"minecraft:egg":2,"minecraft:cooked_beef":4},"minecraft:mined":{"minecraft:white_bed":1,"minecraft:crafting_table":4,"minecraft:tall_grass":2,"minecraft:furnace":1,"biomesoplenty:toadstool":3,"minecraft:iron_ore":42,"biomesoplenty:lavender":1,"minecraft:grass":10,"minecraft:coal_ore":18,"minecraft:oak_log":21,"minecraft:stone":31},"minecraft:custom":{"minecraft:interact_with_furnace":14,"minecraft:mob_kills":13,"minecraft:interact_with_crafting_table":9,"minecraft:time_since_death":26974,"minecraft:sleep_in_bed":1,"minecraft:time_since_rest":8894,"minecraft:sprint_one_cm":98534,"minecraft:damage_taken":50,"minecraft:walk_one_cm":19986,"minecraft:drop":10,"minecraft:damage_dealt":960,"minecraft:swim_one_cm":7802,"minecraft:fly_one_cm":149699,"minecraft:crouch_one_cm":6652,"minecraft:play_time":26974,"minecraft:sneak_time":2603,"minecraft:walk_under_water_one_cm":543,"minecraft:jump":633,"minecraft:walk_on_water_one_cm":836,"minecraft:total_world_time":26974,"minecraft:fall_one_cm":25278},"minecraft:crafted":{"minecraft:cooked_beef":5,"minecraft:oak_planks":60,"minecraft:cooked_porkchop":6,"minecraft:crafting_table":1,"minecraft:wooden_pickaxe":1,"minecraft:cooked_chicken":4,"minecraft:furnace":2,"minecraft:stone_axe":1,"minecraft:air":0,"minecraft:iron_boots":1,"minecraft:stick":12,"minecraft:iron_ingot":10,"minecraft:iron_pickaxe":1,"minecraft:stone_pickaxe":1,"minecraft:wooden_axe":1,"minecraft:stone_sword":1,"minecraft:white_bed":1},"minecraft:picked_up":{"biomesoplenty:lavender":1,"minecraft:crafting_table":4,"minecraft:feather":4,"minecraft:chicken":4,"minecraft:leather":3,"minecraft:wooden_pickaxe":1,"minecraft:oak_log":21,"minecraft:wheat_seeds":3,"minecraft:beef":5,"minecraft:egg":2,"minecraft:furnace":2,"biomesoplenty:toadstool":3,"minecraft:raw_iron":42,"minecraft:porkchop":6,"minecraft:white_bed":1,"alexsmobs:emu_egg":2,"alexsmobs:maggot":1,"minecraft:mutton":5,"minecraft:coal":21,"minecraft:oak_leaves":1,"minecraft:white_wool":3,"minecraft:cobblestone":31}},"DataVersion":3465}