{"stats":{"minecraft:dropped":{"minecraft:wheat_seeds":2,"minecraft:wooden_axe":1,"minecraft:feather":4,"minecraft:wooden_pickaxe":2},"minecraft:killed":{"minecraft:pig":3,"minecraft:chicken":4,"minecraft:cow":2},"minecraft:used":{"minecraft:wooden_axe":10,"minecraft:stone_sword":19,"minecraft:stone_pickaxe":23,"minecraft:wooden_pickaxe":7,"minecraft:stone_axe":7,"minecraft:crafting_table":3,"minecraft:furnace":1,"alexsmobs:animal_dictionary":1,"minecraft:egg":2,"minecraft:cooked_beef":1},"minecraft:mined":{"minecraft:crafting_table":2,"minecraft:grass":4,"minecraft:oak_log":21,"minecraft:coal_ore":10,"minecraft:stone":20},"minecraft:custom":{"minecraft:time_since_rest":14974,"minecraft:interact_with_furnace":6,"minecraft:sprint_one_cm":36345,"minecraft:damage_taken":20,"minecraft:walk_one_cm":8196,"minecraft:mob_kills":9,"minecraft:drop":5,"minecraft:damage_dealt":700,"minecraft:swim_one_cm":7802,"minecraft:interact_with_crafting_table":5,"minecraft:fly_one_cm":61822,"minecraft:crouch_one_cm":3237,"minecraft:play_time":14974,"minecraft:sneak_time":1442,"minecraft:walk_under_water_one_cm":225,"minecraft:jump":250,"minecraft:walk_on_water_one_cm":326,"minecraft:time_since_death":14974,"minecraft:total_world_time":14974,"minecraft:fall_one_cm":10637},"minecraft:picked_up":{"minecraft:crafting_table":2,"minecraft:feather":4,"minecraft:chicken":4,"minecraft:leather":3,"minecraft:wooden_pickaxe":1,"minecraft:porkchop":6,"minecraft:oak_log":21,"minecraft:wheat_seeds":2,"minecraft:beef":5,"minecraft:coal":10,"minecraft:cobblestone":20,"minecraft:egg":2},"minecraft:crafted":{"minecraft:cooked_beef":5,"minecraft:oak_planks":60,"minecraft:cooked_porkchop":6,"minecraft:crafting_table":1,"minecraft:stick":12,"minecraft:wooden_pickaxe":1,"minecraft:stone_pickaxe":1,"minecraft:wooden_axe":1,"minecraft:stone_sword":1,"minecraft:furnace":1,"minecraft:stone_axe":1,"minecraft:air":0}},"DataVersion":3465}