{"stats":{"minecraft:dropped":{"biomesoplenty:toadstool":3,"minecraft:furnace":1,"minecraft:stone_axe":1,"minecraft:wheat_seeds":2,"minecraft:stone_sword":1,"minecraft:feather":4,"minecraft:wooden_axe":1,"minecraft:stone_pickaxe":1,"minecraft:wooden_pickaxe":2},"minecraft:killed":{"minecraft:pig":3,"alexsmobs:raccoon":1,"minecraft:sheep":3,"minecraft:chicken":4,"alexsmobs:fly":1,"minecraft:cow":2},"minecraft:used":{"alexsmobs:emu_egg":2,"minecraft:stone_sword":28,"minecraft:stone_pickaxe":89,"minecraft:wooden_pickaxe":7,"minecraft:iron_sword":9,"biomesoplenty:lavender":3,"minecraft:iron_chestplate":1,"minecraft:oak_leaves":1,"minecraft:crafting_table":5,"minecraft:allium":1,"minecraft:white_bed":2,"minecraft:wooden_axe":10,"alexsmobs:maggot":1,"minecraft:iron_axe":1,"minecraft:iron_pickaxe":19,"minecraft:iron_helmet":1,"minecraft:iron_boots":1,"minecraft:stone_axe":9,"minecraft:cobblestone":3,"minecraft:furnace":3,"minecraft:cooked_porkchop":3,"alexsmobs:animal_dictionary":1,"minecraft:egg":2,"minecraft:cooked_beef":5,"minecraft:iron_leggings":1},"minecraft:mined":{"minecraft:white_bed":2,"minecraft:crafting_table":5,"biomesoplenty:bush":1,"minecraft:allium":1,"minecraft:tall_grass":2,"biomesoplenty:tall_lavender":1,"minecraft:furnace":3,"biomesoplenty:toadstool":3,"minecraft:iron_ore":53,"biomesoplenty:lavender":3,"minecraft:grass":16,"minecraft:coal_ore":22,"minecraft:oak_log":21,"minecraft:stone":33},"minecraft:custom":{"minecraft:interact_with_furnace":30,"minecraft:mob_kills":14,"minecraft:interact_with_crafting_table":13,"minecraft:leave_game":1,"minecraft:time_since_death":39227,"minecraft:sleep_in_bed":2,"minecraft:time_since_rest":8457,"minecraft:sprint_one_cm":155371,"minecraft:damage_taken":258,"minecraft:walk_one_cm":31666,"minecraft:drop":10,"minecraft:damage_dealt":1064,"minecraft:swim_one_cm":37427,"minecraft:fly_one_cm":279037,"minecraft:crouch_one_cm":7457,"minecraft:play_time":39227,"minecraft:sneak_time":2813,"minecraft:walk_under_water_one_cm":1428,"minecraft:jump":1181,"minecraft:walk_on_water_one_cm":2092,"minecraft:total_world_time":39227,"minecraft:fall_one_cm":50745},"minecraft:crafted":{"minecraft:cooked_beef":5,"minecraft:oak_planks":60,"minecraft:cooked_porkchop":6,"minecraft:crafting_table":1,"minecraft:wooden_pickaxe":1,"minecraft:iron_helmet":1,"minecraft:cooked_chicken":4,"minecraft:iron_sword":1,"minecraft:furnace":2,"minecraft:stone_axe":1,"minecraft:air":0,"minecraft:iron_boots":1,"minecraft:iron_chestplate":1,"minecraft:iron_axe":1,"minecraft:stick":16,"minecraft:iron_ingot":42,"minecraft:iron_pickaxe":1,"minecraft:stone_pickaxe":1,"minecraft:wooden_axe":1,"minecraft:stone_sword":1,"minecraft:iron_leggings":1,"minecraft:white_bed":1},"minecraft:picked_up":{"biomesoplenty:lavender":3,"minecraft:allium":1,"minecraft:crafting_table":5,"minecraft:feather":4,"minecraft:chicken":4,"minecraft:leather":3,"minecraft:wooden_pickaxe":1,"minecraft:oak_log":21,"minecraft:wheat_seeds":3,"minecraft:beef":5,"minecraft:egg":2,"minecraft:furnace":4,"biomesoplenty:toadstool":3,"minecraft:raw_iron":53,"minecraft:porkchop":6,"minecraft:white_bed":2,"alexsmobs:emu_egg":2,"alexsmobs:maggot":1,"minecraft:mutton":5,"minecraft:coal":34,"minecraft:oak_leaves":1,"minecraft:white_wool":3,"minecraft:cobblestone":33}},"DataVersion":3465}