{"stats":{"minecraft:dropped":{"biomesoplenty:toadstool":10,"minecraft:furnace":1,"minecraft:stone_axe":1,"minecraft:wheat_seeds":6,"minecraft:stone_sword":1,"minecraft:rotten_flesh":1,"minecraft:feather":4,"minecraft:wooden_axe":1,"minecraft:wooden_pickaxe":2,"minecraft:stone_pickaxe":1,"minecraft:white_wool":1},"minecraft:killed":{"minecraft:pig":6,"alexsmobs:raccoon":1,"minecraft:spider":1,"creeperoverhaul:snowy_creeper":1,"minecraft:sheep":3,"minecraft:skeleton":5,"minecraft:zombie":5,"minecraft:chicken":4,"alexsmobs:fly":1,"minecraft:cow":2},"minecraft:used":{"alexsmobs:emu_egg":2,"minecraft:stone_sword":28,"minecraft:iron_shovel":89,"minecraft:stone_pickaxe":89,"minecraft:oak_planks":20,"minecraft:chest":1,"minecraft:wooden_pickaxe":7,"minecraft:shield":4,"minecraft:iron_sword":62,"biomesoplenty:fir_planks":108,"biomesoplenty:lavender":3,"minecraft:cooked_chicken":4,"minecraft:oak_leaves":1,"minecraft:iron_chestplate":1,"minecraft:oak_door":1,"minecraft:torch":2,"minecraft:dirt":28,"minecraft:crafting_table":8,"minecraft:allium":1,"minecraft:white_bed":3,"minecraft:snowball":47,"minecraft:wooden_axe":10,"alexsmobs:maggot":1,"minecraft:iron_axe":51,"minecraft:iron_pickaxe":107,"minecraft:iron_helmet":1,"minecraft:iron_boots":1,"minecraft:stone_axe":9,"minecraft:cobblestone":9,"minecraft:sweet_berries":42,"minecraft:furnace":5,"minecraft:cooked_porkchop":3,"minecraft:oak_boat":1,"alexsmobs:animal_dictionary":1,"minecraft:egg":2,"minecraft:cooked_beef":5,"minecraft:iron_leggings":1},"minecraft:mined":{"minecraft:white_bed":2,"minecraft:crafting_table":6,"biomesoplenty:bush":1,"minecraft:allium":1,"minecraft:grass_block":38,"biomesoplenty:fir_planks":2,"minecraft:tall_grass":2,"minecraft:lapis_ore":15,"biomesoplenty:tall_lavender":1,"minecraft:furnace":3,"biomesoplenty:toadstool":3,"minecraft:iron_ore":100,"minecraft:sweet_berry_bush":17,"minecraft:snow":48,"biomesoplenty:lavender":3,"biomesoplenty:fir_log":45,"minecraft:grass":19,"minecraft:oak_log":21,"minecraft:coal_ore":22,"biomesoplenty:fir_leaves":1,"minecraft:dirt":3,"minecraft:stone":54,"minecraft:gold_ore":4,"minecraft:fern":15},"minecraft:custom":{"minecraft:interact_with_furnace":31,"minecraft:mob_kills":30,"minecraft:interact_with_crafting_table":18,"minecraft:leave_game":6,"minecraft:time_since_death":65565,"minecraft:sleep_in_bed":4,"minecraft:time_since_rest":13881,"minecraft:sprint_one_cm":259656,"minecraft:damage_taken":715,"minecraft:walk_one_cm":91594,"minecraft:damage_blocked_by_shield":80,"minecraft:drop":15,"minecraft:damage_dealt":3759,"minecraft:swim_one_cm":51691,"minecraft:fly_one_cm":450555,"minecraft:open_chest":12,"minecraft:crouch_one_cm":14334,"minecraft:play_time":65565,"minecraft:sneak_time":4375,"minecraft:walk_under_water_one_cm":2907,"minecraft:boat_one_cm":15030,"minecraft:jump":1961,"minecraft:walk_on_water_one_cm":7771,"minecraft:total_world_time":65565,"minecraft:fall_one_cm":80080},"minecraft:crafted":{"minecraft:cooked_beef":5,"minecraft:oak_door":3,"minecraft:oak_planks":60,"minecraft:cooked_porkchop":6,"minecraft:crafting_table":2,"minecraft:cooked_chicken":4,"minecraft:iron_helmet":1,"minecraft:wooden_pickaxe":1,"minecraft:iron_sword":1,"minecraft:furnace":2,"minecraft:stone_axe":1,"minecraft:air":0,"biomesoplenty:fir_planks":124,"minecraft:oak_boat":1,"minecraft:iron_boots":1,"minecraft:iron_chestplate":1,"minecraft:shield":1,"minecraft:iron_axe":1,"minecraft:stick":20,"minecraft:iron_ingot":42,"minecraft:iron_pickaxe":1,"minecraft:stone_pickaxe":1,"minecraft:wooden_axe":1,"minecraft:stone_sword":1,"minecraft:chest":1,"minecraft:iron_shovel":1,"minecraft:iron_leggings":1,"minecraft:white_bed":1,"minecraft:torch":16},"minecraft:picked_up":{"biomesoplenty:lavender":3,"minecraft:crafting_table":6,"minecraft:allium":1,"minecraft:feather":4,"minecraft:chicken":4,"minecraft:leather":3,"minecraft:wooden_pickaxe":1,"biomesoplenty:fir_log":43,"minecraft:oak_log":21,"minecraft:lapis_lazuli":92,"minecraft:dirt":41,"minecraft:string":1,"minecraft:bone":4,"minecraft:wheat_seeds":7,"minecraft:raw_gold":4,"biomesoplenty:fir_planks":2,"minecraft:beef":5,"minecraft:oak_boat":1,"minecraft:furnace":4,"minecraft:egg":2,"biomesoplenty:toadstool":10,"minecraft:raw_iron":100,"minecraft:sweet_berries":37,"minecraft:porkchop":14,"minecraft:white_bed":2,"minecraft:spider_eye":1,"minecraft:arrow":4,"minecraft:rotten_flesh":4,"alexsmobs:emu_egg":2,"alexsmobs:maggot":1,"minecraft:mutton":5,"minecraft:oak_leaves":1,"minecraft:coal":34,"minecraft:snowball":47,"minecraft:white_wool":4,"minecraft:cobblestone":54}},"DataVersion":3465}