{"stats":{"minecraft:killed":{"minecraft:cave_spider":1,"alexsmobs:raccoon":2,"minecraft:spider":6,"minecraft:phantom":2,"creeperoverhaul:snowy_creeper":1,"minecraft:skeleton":18,"alexsmobs:banana_slug":1,"minecraft:chicken":4,"minecraft:magma_cube":1,"minecraft:piglin":3,"minecraft:pig":6,"minecraft:sheep":3,"minecraft:goat":1,"minecraft:zombie":21,"minecraft:ghast":1,"alexsmobs:fly":1,"minecraft:enderman":1,"minecraft:cow":9},"minecraft:picked_up":{"minecraft:crafting_table":12,"minecraft:allium":1,"minecraft:chicken":4,"minecraft:brown_mushroom":1,"minecraft:wooden_pickaxe":1,"minecraft:pink_wool":2,"minecraft:gold_block":3,"minecraft:string":6,"minecraft:raw_copper":12,"minecraft:cooked_salmon":1,"biomesoplenty:tall_lavender":20,"biomesoplenty:brimstone":14,"biomesoplenty:jacaranda_slab":14,"minecraft:cracked_stone_bricks":1,"minecraft:gold_nugget":169,"minecraft:cobbled_deepslate":1249,"biomesoplenty:fir_planks":3,"minecraft:beef":18,"minecraft:oak_boat":1,"minecraft:iron_pickaxe":1,"minecraft:sugar_cane":6,"minecraft:chest":2,"minecraft:furnace":11,"minecraft:egg":3,"minecraft:stick":1,"minecraft:raw_iron":166,"minecraft:oak_fence":1,"minecraft:torch":152,"minecraft:porkchop":14,"minecraft:carrot":6,"minecraft:redstone":185,"minecraft:quartz_block":2,"minecraft:arrow":17,"minecraft:rotten_flesh":16,"biomesoplenty:jacaranda_log":31,"minecraft:pumpkin_pie":5,"alexsmobs:emu_egg":2,"minecraft:obsidian":37,"minecraft:mutton":10,"minecraft:snowball":57,"minecraft:white_wool":4,"minecraft:cobblestone":470,"biomesoplenty:lavender":373,"minecraft:magma_block":37,"minecraft:feather":4,"minecraft:glow_ink_sac":1,"minecraft:leather":14,"minecraft:potato":192,"biomesoplenty:fir_log":43,"minecraft:flint":1,"minecraft:tuff":193,"minecraft:oak_log":21,"minecraft:cherry_fence":2,"biomesoplenty:jacaranda_planks":1,"minecraft:lapis_lazuli":133,"minecraft:dirt":351,"minecraft:bone":12,"minecraft:bow":1,"minecraft:wheat_seeds":54,"biomesoplenty:fir_boat":5,"minecraft:raw_gold":25,"minecraft:glowstone_dust":24,"biomesoplenty:toadstool":10,"minecraft:ghast_tear":1,"minecraft:sweet_berries":37,"minecraft:chiseled_stone_bricks":1,"minecraft:quartz":197,"minecraft:poisonous_potato":1,"minecraft:gravel":1,"minecraft:spruce_sapling":1,"minecraft:ink_sac":1,"minecraft:white_bed":3,"minecraft:spruce_log":8,"minecraft:mossy_stone_brick_slab":1,"minecraft:spider_eye":4,"minecraft:diamond":46,"minecraft:emerald":8,"alexsmobs:maggot":3,"minecraft:netherrack":3050,"minecraft:coal":94,"minecraft:oak_leaves":1,"minecraft:ender_pearl":2},"minecraft:broken":{"minecraft:iron_shovel":1,"minecraft:iron_pickaxe":2},"minecraft:mined":{"minecraft:tuff":18,"minecraft:white_bed":3,"minecraft:farmland":1,"minecraft:deepslate_diamond_ore":42,"biomesoplenty:brimstone":1,"minecraft:obsidian":2,"biomesoplenty:bush":1,"minecraft:allium":1,"minecraft:grass_block":296,"minecraft:spruce_leaves":2,"minecraft:pink_wool":2,"minecraft:chiseled_stone_bricks":3,"minecraft:large_fern":3,"biomesoplenty:tall_lavender":15,"biomesoplenty:jacaranda_log":32,"minecraft:redstone_ore":3,"minecraft:magma_block":26,"minecraft:glowstone":12,"minecraft:carrots":1,"minecraft:furnace":10,"biomesoplenty:toadstool":3,"minecraft:iron_ore":130,"minecraft:fire":10,"minecraft:snow":48,"biomesoplenty:lavender":323,"minecraft:moss_carpet":1,"minecraft:gold_block":3,"minecraft:potatoes":50,"biomesoplenty:barley":11,"minecraft:stone":425,"biomesoplenty:spider_egg":1,"biomesoplenty:brimstone_cluster":3,"biomesoplenty:jacaranda_leaves":2,"minecraft:deepslate_redstone_ore":10,"minecraft:quartz_block":2,"biomesoplenty:jacaranda_planks":1,"biomesoplenty:jacaranda_slab":12,"biomesoplenty:brimstone_fumarole":4,"biomesoplenty:hanging_cobweb_strand":1,"minecraft:crafting_table":12,"minecraft:torch":2,"minecraft:emerald_ore":8,"biomesoplenty:fir_planks":2,"minecraft:chest":2,"minecraft:nether_quartz_ore":110,"minecraft:copper_ore":4,"minecraft:tall_grass":25,"minecraft:cobblestone":31,"biomesoplenty:sprout":1,"minecraft:deepslate_gold_ore":4,"minecraft:lapis_ore":21,"minecraft:sugar_cane":4,"minecraft:wall_torch":4,"minecraft:cherry_fence":2,"minecraft:sweet_berry_bush":17,"minecraft:spruce_log":7,"biomesoplenty:large_rose_quartz_bud":2,"biomesoplenty:fir_log":45,"minecraft:grass":299,"minecraft:coal_ore":49,"minecraft:oak_log":21,"biomesoplenty:fir_leaves":1,"minecraft:gravel":5,"minecraft:dirt":18,"biomesoplenty:stringy_cobweb":1,"minecraft:cracked_stone_bricks":1,"minecraft:netherrack":320,"minecraft:gold_ore":7,"minecraft:mossy_stone_bricks":1,"minecraft:deepslate":138,"minecraft:fern":17},"minecraft:custom":{"minecraft:mob_kills":86,"minecraft:interact_with_crafting_table":44,"minecraft:open_barrel":10,"minecraft:leave_game":20,"minecraft:time_since_death":287711,"minecraft:climb_one_cm":640,"minecraft:walk_one_cm":511056,"minecraft:sprint_one_cm":911350,"minecraft:damage_blocked_by_shield":595,"minecraft:drop":101,"minecraft:play_time":287711,"minecraft:sneak_time":24660,"minecraft:walk_under_water_one_cm":35960,"minecraft:boat_one_cm":53235,"minecraft:jump":7529,"minecraft:enchant_item":1,"minecraft:walk_on_water_one_cm":40185,"minecraft:total_world_time":287711,"minecraft:interact_with_furnace":97,"minecraft:sleep_in_bed":7,"minecraft:time_since_rest":36276,"minecraft:damage_taken":3398,"minecraft:damage_dealt":13347,"minecraft:swim_one_cm":310915,"minecraft:fly_one_cm":1556026,"minecraft:open_chest":102,"minecraft:crouch_one_cm":60673,"minecraft:fall_one_cm":230571},"minecraft:crafted":{"minecraft:oak_door":3,"minecraft:oak_planks":84,"minecraft:cooked_chicken":4,"minecraft:furnace":4,"minecraft:bone_meal":21,"minecraft:flint_and_steel":1,"minecraft:quartz_block":52,"minecraft:diamond_helmet":1,"minecraft:diamond_leggings":1,"minecraft:iron_boots":1,"minecraft:polished_deepslate":64,"minecraft:iron_axe":1,"minecraft:stone_pickaxe":1,"justhammers:diamond_hammer":2,"minecraft:chest":8,"minecraft:diamond_boots":1,"minecraft:cooked_beef":5,"minecraft:diamond_sword":1,"biomesoplenty:fir_boat":1,"biomesoplenty:jacaranda_planks":124,"minecraft:cooked_porkchop":14,"minecraft:crafting_table":5,"minecraft:iron_helmet":1,"minecraft:wooden_pickaxe":1,"minecraft:baked_potato":88,"minecraft:iron_sword":1,"minecraft:bucket":1,"minecraft:stone_axe":1,"biomesoplenty:jacaranda_slab":90,"minecraft:air":0,"biomesoplenty:fir_planks":172,"minecraft:oak_boat":1,"minecraft:iron_chestplate":1,"minecraft:wooden_hoe":1,"minecraft:diamond_pickaxe":1,"minecraft:shield":1,"minecraft:stick":36,"minecraft:iron_ingot":130,"minecraft:iron_pickaxe":3,"minecraft:wooden_axe":1,"minecraft:stone_sword":1,"minecraft:iron_shovel":2,"minecraft:iron_leggings":1,"minecraft:white_bed":1,"minecraft:torch":16,"minecraft:diamond_chestplate":1},"minecraft:dropped":{"minecraft:iron_sword":1,"minecraft:wheat_seeds":8,"minecraft:glow_ink_sac":1,"minecraft:ender_pearl":2,"minecraft:poisonous_potato":1,"biomesoplenty:lavender":96,"minecraft:cobblestone":1,"minecraft:feather":4,"minecraft:cracked_stone_bricks":1,"biomesoplenty:jacaranda_planks":1,"minecraft:golden_apple":1,"minecraft:flint":1,"minecraft:mutton":5,"minecraft:wooden_axe":1,"minecraft:snowball":10,"minecraft:iron_axe":1,"minecraft:iron_pickaxe":2,"minecraft:string":5,"minecraft:white_wool":1,"minecraft:gravel":1,"biomesoplenty:toadstool":10,"minecraft:furnace":1,"minecraft:stone_axe":1,"minecraft:stone_sword":1,"minecraft:cobbled_deepslate":280,"minecraft:tuff":64,"minecraft:obsidian":18,"minecraft:rotten_flesh":8,"minecraft:mossy_stone_brick_slab":1,"minecraft:chiseled_stone_bricks":1,"minecraft:pink_wool":1,"minecraft:spider_eye":2,"minecraft:arrow":5,"minecraft:bow":1,"minecraft:stone_pickaxe":1,"minecraft:wooden_pickaxe":2,"minecraft:magma_block":2,"minecraft:netherrack":2680},"minecraft:used":{"alexsmobs:emu_egg":2,"minecraft:oak_fence":1,"minecraft:stone_sword":28,"biomesoplenty:brimstone":1,"minecraft:iron_shovel":358,"minecraft:flint_and_steel":2,"minecraft:chest":10,"minecraft:shield":16,"minecraft:iron_sword":252,"minecraft:cooked_salmon":1,"minecraft:cooked_chicken":4,"minecraft:netherrack":322,"minecraft:iron_chestplate":1,"minecraft:oak_door":1,"minecraft:torch":158,"minecraft:dirt":264,"minecraft:carrot":11,"minecraft:allium":1,"minecraft:tuff":1,"minecraft:snowball":47,"biomesoplenty:jacaranda_slab":79,"minecraft:obsidian":14,"alexsmobs:maggot":3,"minecraft:wooden_axe":10,"biomesoplenty:tall_lavender":1,"minecraft:iron_axe":126,"minecraft:quartz_block":54,"minecraft:iron_helmet":1,"minecraft:iron_boots":1,"minecraft:pink_wool":1,"minecraft:magma_block":21,"minecraft:bow":6,"minecraft:sweet_berries":44,"minecraft:furnace":14,"minecraft:egg":2,"minecraft:potato":65,"minecraft:cooked_beef":5,"minecraft:cobbled_deepslate":26,"minecraft:cherry_fence":2,"minecraft:iron_leggings":1,"minecraft:water_bucket":114,"minecraft:baked_potato":52,"minecraft:oak_planks":20,"minecraft:stone_pickaxe":89,"minecraft:wooden_pickaxe":7,"minecraft:brown_mushroom":1,"biomesoplenty:lavender":6,"biomesoplenty:fir_planks":108,"biomesoplenty:fir_boat":6,"minecraft:oak_leaves":1,"justhammers:diamond_hammer":958,"minecraft:crafting_table":15,"minecraft:white_bed":4,"biomesoplenty:jacaranda_planks":3,"minecraft:wooden_hoe":1,"minecraft:diamond_pickaxe":589,"minecraft:bread":3,"minecraft:iron_pickaxe":681,"minecraft:stone_axe":9,"minecraft:diamond_sword":20,"minecraft:cobblestone":185,"minecraft:cooked_porkchop":11,"minecraft:bucket":114,"minecraft:pumpkin_pie":7,"minecraft:oak_boat":1,"alexsmobs:animal_dictionary":1,"minecraft:bone_meal":21}},"DataVersion":3465}