{"stats":{"minecraft:crafted":{"travelersbackpack:iron":2,"travelersbackpack:iron_tier_upgrade":1,"biomesoplenty:jacaranda_planks":80,"minecraft:spruce_planks":8,"travelersbackpack:backpack_tank":2,"minecraft:stone":64,"travelersbackpack:gold_tier_upgrade":1,"minecraft:bread":15,"minecraft:air":0,"justhammers:iron_hammer":1,"minecraft:iron_axe":1,"minecraft:stick":152,"minecraft:iron_pickaxe":1,"minecraft:stonecutter":1,"minecraft:torch":588},"minecraft:mined":{"biomesoplenty:jacaranda_leaves":5,"minecraft:tuff":39,"minecraft:deepslate_diamond_ore":2,"minecraft:powder_snow":8,"minecraft:emerald_ore":5,"minecraft:grass_block":6,"minecraft:cobblestone":23,"minecraft:spruce_leaves":4,"minecraft:spawner":1,"biomesoplenty:jacaranda_log":20,"minecraft:carrots":20,"minecraft:iron_ore":13,"minecraft:wheat":58,"minecraft:snow":1,"biomesoplenty:lavender":3,"minecraft:stone_brick_stairs":2,"minecraft:grass":5,"minecraft:coal_ore":27,"minecraft:deepslate_iron_ore":2,"minecraft:cobblestone_slab":1,"minecraft:gravel":2,"minecraft:dirt":28,"minecraft:stone_bricks":5,"minecraft:stone":40,"biomesoplenty:spider_egg":1,"minecraft:netherrack":3,"minecraft:gold_ore":1,"minecraft:deepslate":14},"minecraft:used":{"msmlegacy:vampiric_blade":1,"minecraft:wheat_seeds":58,"morearmor:magma_armor_helmet":1,"minecraft:iron_shovel":23,"minecraft:iron_sword":108,"minecraft:stonecutter":1,"minecraft:cobblestone_slab":1,"minecraft:torch":513,"minecraft:dirt":28,"minecraft:carrot":104,"morearmor:magma_armor_chestplate":1,"travelersbackpack:iron":1,"justhammers:iron_hammer":89,"morearmor:magma_armor_leggings":1,"minecraft:apple":7,"minecraft:iron_axe":26,"biomesoplenty:fir_sapling":1,"minecraft:bread":28,"minecraft:iron_pickaxe":179,"minecraft:stone_bricks":43,"minecraft:stone_brick_stairs":11,"minecraft:bow":10,"morearmor:magma_armor_boots":1,"minecraft:cobblestone":150,"travelersbackpack:standard":1,"minecraft:cooked_beef":1},"minecraft:dropped":{"minecraft:gravel":1,"biomesoplenty:jacaranda_sapling":4,"biomesoplenty:lavender":2,"minecraft:rotten_flesh":6,"msmlegacy:vampiric_blade":1,"minecraft:leather":1,"travelersbackpack:standard":1,"minecraft:carrot":6,"travelersbackpack:iron":1,"minecraft:stick":2,"travelersbackpack:gold_tier_upgrade":2,"minecraft:cobblestone_slab":8,"minecraft:stone":1,"minecraft:gunpowder":2,"minecraft:iron_leggings":3,"morearmor:magma_armor_helmet":2,"biomesoplenty:tall_lavender":1},"minecraft:custom":{"minecraft:interact_with_smithing_table":11,"minecraft:interact_with_furnace":29,"minecraft:mob_kills":29,"minecraft:interact_with_crafting_table":14,"minecraft:interact_with_stonecutter":5,"minecraft:leave_game":3,"minecraft:time_since_death":130113,"minecraft:sleep_in_bed":1,"minecraft:climb_one_cm":648,"minecraft:time_since_rest":18691,"minecraft:damage_taken":1264,"minecraft:sprint_one_cm":572344,"minecraft:walk_one_cm":426146,"minecraft:drop":35,"minecraft:damage_dealt":5370,"minecraft:swim_one_cm":15922,"minecraft:fly_one_cm":598078,"minecraft:open_chest":133,"minecraft:crouch_one_cm":19539,"minecraft:play_time":130113,"minecraft:sneak_time":5980,"minecraft:walk_under_water_one_cm":16490,"minecraft:jump":3027,"minecraft:fall_one_cm":86155,"minecraft:walk_on_water_one_cm":33602,"minecraft:total_world_time":130113},"minecraft:picked_up":{"biomesoplenty:lavender":4,"minecraft:wheat":45,"minecraft:glow_ink_sac":3,"minecraft:leather":4,"biomesoplenty:fir_sapling":1,"biomesoplenty:jacaranda_sapling":4,"minecraft:tuff":62,"minecraft:stone_brick_stairs":2,"morearmor:magma_armor_helmet":1,"minecraft:gunpowder":4,"travelersbackpack:gold_tier_upgrade":1,"minecraft:lapis_lazuli":23,"minecraft:string":5,"minecraft:dirt":28,"minecraft:raw_copper":5,"minecraft:iron_leggings":1,"biomesoplenty:tall_lavender":2,"minecraft:iron_shovel":1,"minecraft:bone":3,"minecraft:stone_bricks":5,"minecraft:bow":1,"minecraft:wheat_seeds":121,"minecraft:cobbled_deepslate":154,"minecraft:raw_gold":1,"minecraft:beef":8,"minecraft:cobblestone_slab":11,"minecraft:iron_sword":1,"minecraft:stick":2,"minecraft:raw_iron":15,"morearmor:power_dust":2,"minecraft:torch":4,"minecraft:raw_iron_block":1,"minecraft:gravel":1,"minecraft:carrot":75,"travelersbackpack:iron":1,"travelersbackpack:standard":1,"minecraft:arrow":7,"minecraft:rotten_flesh":14,"biomesoplenty:jacaranda_log":20,"minecraft:diamond":2,"msmlegacy:vampiric_blade":1,"minecraft:golden_apple":1,"minecraft:emerald":5,"minecraft:netherrack":3,"minecraft:melon_seeds":2,"minecraft:black_wool":1,"minecraft:glow_berries":2,"minecraft:mutton":1,"minecraft:coal":164,"minecraft:snowball":1,"minecraft:rail":1,"minecraft:cobblestone":496,"minecraft:ender_pearl":1},"minecraft:killed":{"mca:male_zombie_villager":1,"minecraft:spider":3,"minecraft:creeper":2,"minecraft:skeleton":5,"minecraft:sheep":1,"minecraft:zombie":8,"minecraft:enderman":2,"minecraft:cow":4}},"DataVersion":3465}