{"stats":{"minecraft:crafted":{"travelersbackpack:iron":2,"minecraft:stone":128,"minecraft:bone_meal":30,"travelersbackpack:gold_tier_upgrade":1,"minecraft:iron_axe":2,"minecraft:iron_hoe":1,"travelersbackpack:iron_tier_upgrade":1,"biomesoplenty:jacaranda_planks":80,"minecraft:spruce_sign":3,"minecraft:cooked_porkchop":1,"minecraft:spruce_planks":100,"travelersbackpack:backpack_tank":2,"minecraft:baked_potato":20,"minecraft:bucket":1,"minecraft:bread":15,"minecraft:air":0,"justhammers:iron_hammer":4,"minecraft:stick":164,"minecraft:iron_ingot":84,"minecraft:iron_pickaxe":1,"minecraft:iron_shovel":1,"minecraft:stonecutter":1,"minecraft:torch":588},"minecraft:mined":{"minecraft:tuff":39,"minecraft:spruce_planks":55,"minecraft:deepslate_diamond_ore":2,"minecraft:glow_lichen":1,"minecraft:grass_block":111,"minecraft:spruce_leaves":9,"minecraft:spawner":1,"biomesoplenty:jacaranda_log":20,"minecraft:carrots":20,"minecraft:iron_ore":13,"minecraft:snow":1,"biomesoplenty:lavender":3,"minecraft:potatoes":13,"minecraft:cobblestone_slab":1,"minecraft:deepslate_iron_ore":2,"biomesoplenty:spider_egg":1,"minecraft:stone":150,"biomesoplenty:jacaranda_leaves":5,"minecraft:powder_snow":8,"minecraft:torch":9,"minecraft:emerald_ore":5,"minecraft:copper_ore":2,"minecraft:cobblestone":75,"minecraft:blue_bed":1,"minecraft:wall_torch":2,"minecraft:cobblestone_wall":3,"minecraft:wheat":58,"minecraft:spruce_log":23,"minecraft:stone_brick_stairs":41,"minecraft:grass":5,"minecraft:coal_ore":30,"minecraft:gravel":99,"minecraft:dirt":57,"minecraft:stone_bricks":25,"minecraft:netherrack":3,"minecraft:gold_ore":1,"minecraft:deepslate":14},"minecraft:dropped":{"biomesoplenty:jacaranda_sapling":4,"biomesoplenty:lavender":2,"minecraft:leather":1,"travelersbackpack:standard":1,"minecraft:stick":2,"minecraft:dirt":64,"minecraft:iron_leggings":3,"morearmor:magma_armor_helmet":2,"minecraft:iron_pickaxe":1,"minecraft:gravel":1,"minecraft:rotten_flesh":6,"msmlegacy:vampiric_blade":1,"minecraft:carrot":6,"travelersbackpack:iron":1,"travelersbackpack:gold_tier_upgrade":2,"minecraft:cobblestone_slab":8,"minecraft:stone":1,"minecraft:gunpowder":2,"biomesoplenty:tall_lavender":1},"minecraft:used":{"msmlegacy:vampiric_blade":1,"morearmor:magma_armor_helmet":1,"minecraft:iron_shovel":244,"minecraft:spruce_planks":55,"minecraft:stone":4,"minecraft:iron_sword":111,"minecraft:spruce_leaves":1,"minecraft:torch":577,"minecraft:dirt":38,"minecraft:cobblestone_wall":16,"minecraft:carrot":104,"morearmor:magma_armor_chestplate":1,"travelersbackpack:iron":1,"morearmor:magma_armor_leggings":1,"minecraft:iron_hoe":87,"biomesoplenty:fir_sapling":1,"minecraft:iron_axe":108,"minecraft:stone_brick_stairs":166,"minecraft:stone_bricks":242,"minecraft:glowstone":1,"morearmor:magma_armor_boots":1,"minecraft:bow":10,"minecraft:cooked_beef":1,"minecraft:potato":31,"minecraft:cobbled_deepslate":7,"minecraft:wheat_seeds":58,"minecraft:water_bucket":7,"minecraft:amethyst_block":1,"minecraft:baked_potato":10,"minecraft:spruce_sign":1,"minecraft:blue_bed":1,"minecraft:stonecutter":1,"minecraft:cobblestone_slab":2,"justhammers:iron_hammer":314,"minecraft:apple":7,"minecraft:bread":28,"minecraft:iron_pickaxe":394,"minecraft:cobblestone":351,"travelersbackpack:standard":1,"minecraft:cooked_porkchop":1,"minecraft:bucket":7,"minecraft:bone_meal":30},"minecraft:custom":{"minecraft:interact_with_smithing_table":11,"minecraft:mob_kills":30,"minecraft:interact_with_crafting_table":22,"minecraft:eat_cake_slice":1,"minecraft:leave_game":3,"minecraft:time_since_death":208113,"minecraft:climb_one_cm":648,"minecraft:sprint_one_cm":719746,"minecraft:walk_one_cm":833737,"minecraft:drop":37,"minecraft:play_time":208113,"minecraft:sneak_time":12898,"minecraft:walk_under_water_one_cm":18690,"minecraft:jump":3941,"minecraft:walk_on_water_one_cm":34541,"minecraft:total_world_time":208113,"minecraft:interact_with_furnace":43,"minecraft:interact_with_stonecutter":11,"minecraft:sleep_in_bed":3,"minecraft:time_since_rest":17655,"minecraft:damage_taken":1571,"minecraft:damage_dealt":5530,"minecraft:swim_one_cm":15922,"minecraft:fly_one_cm":744183,"minecraft:open_chest":249,"minecraft:crouch_one_cm":40923,"minecraft:fall_one_cm":104088},"minecraft:picked_up":{"minecraft:spruce_leaves":25,"minecraft:wheat":45,"biomesoplenty:jacaranda_sapling":4,"minecraft:stone_brick_stairs":41,"morearmor:magma_armor_helmet":1,"minecraft:string":5,"minecraft:raw_copper":11,"minecraft:iron_leggings":1,"biomesoplenty:tall_lavender":2,"minecraft:iron_shovel":1,"minecraft:cobbled_deepslate":154,"minecraft:spruce_planks":55,"minecraft:beef":8,"minecraft:cobblestone_slab":11,"minecraft:raw_iron":15,"minecraft:stick":2,"morearmor:power_dust":2,"minecraft:torch":37,"minecraft:carrot":75,"travelersbackpack:iron":1,"minecraft:arrow":7,"minecraft:rotten_flesh":14,"biomesoplenty:jacaranda_log":20,"minecraft:glow_berries":2,"minecraft:mutton":1,"minecraft:snowball":1,"minecraft:rail":1,"minecraft:cobblestone":2146,"biomesoplenty:lavender":4,"minecraft:glow_ink_sac":3,"minecraft:leather":4,"minecraft:potato":49,"biomesoplenty:fir_sapling":1,"minecraft:flint":5,"minecraft:tuff":62,"minecraft:cobblestone_wall":3,"minecraft:gunpowder":4,"minecraft:blue_bed":1,"travelersbackpack:gold_tier_upgrade":1,"minecraft:lapis_lazuli":23,"minecraft:dirt":162,"minecraft:bone":3,"minecraft:stone_bricks":25,"minecraft:bow":1,"minecraft:wheat_seeds":121,"minecraft:raw_gold":1,"minecraft:iron_sword":1,"minecraft:raw_iron_block":1,"minecraft:poisonous_potato":1,"minecraft:gravel":93,"minecraft:spruce_sapling":1,"minecraft:spruce_log":23,"travelersbackpack:standard":1,"minecraft:diamond":2,"msmlegacy:vampiric_blade":1,"minecraft:golden_apple":1,"minecraft:emerald":5,"minecraft:coal":184,"minecraft:baked_potato":3,"minecraft:black_wool":1,"minecraft:melon_seeds":2,"minecraft:netherrack":3,"minecraft:ender_pearl":1},"minecraft:killed":{"mca:male_zombie_villager":1,"minecraft:spider":3,"minecraft:skeleton":5,"minecraft:creeper":2,"minecraft:sheep":1,"minecraft:zombie":9,"minecraft:cow":4,"minecraft:enderman":2},"minecraft:broken":{"minecraft:iron_shovel":1}},"DataVersion":3465}