{"stats":{"minecraft:picked_up":{"minecraft:crafting_table":11,"minecraft:chainmail_boots":2,"minecraft:chicken":6,"minecraft:nether_brick_fence":1,"minecraft:leather_leggings":2,"minecraft:cooked_rabbit":1,"minecraft:gold_block":1,"minecraft:potion":1,"minecraft:brewing_stand":1,"minecraft:nether_brick":3,"morearmor:magma_armor_leggings":1,"morearmor:magma_armor_helmet":1,"morearmor:magma_armor_boots":1,"biomesoplenty:fir_door":4,"minecraft:string":9,"minecraft:dark_oak_trapdoor":1,"minecraft:cooked_salmon":3,"minecraft:raw_copper":4,"minecraft:red_nether_bricks":1,"minecraft:item_frame":1,"minecraft:armor_stand":2,"minecraft:blackstone":15,"minecraft:cyan_carpet":4,"minecraft:cobbled_deepslate":127,"biomesoplenty:fir_planks":65,"minecraft:beef":44,"minecraft:red_dye":3,"minecraft:rose_bush":2,"minecraft:cobblestone_slab":9,"minecraft:cyan_wool":1,"minecraft:poppy":1,"minecraft:chest":1,"minecraft:iron_boots":1,"minecraft:furnace":8,"minecraft:raw_iron":130,"minecraft:stick":17,"minecraft:orange_dye":4,"morearmor:lapis_armor_helmet":3,"minecraft:torch":47,"minecraft:fire_charge":1,"minecraft:porkchop":23,"minecraft:cherry_log":179,"minecraft:cookie":1,"minecraft:carrot":1,"minecraft:honey_bottle":2,"minecraft:cactus":6,"minecraft:arrow":23,"minecraft:rotten_flesh":36,"minecraft:pumpkin_pie":1,"minecraft:waxed_oxidized_cut_copper_stairs":2,"minecraft:shears":1,"biomesoplenty:fir_slab":3,"minecraft:gold_ingot":5,"minecraft:mutton":8,"minecraft:snowball":29,"minecraft:white_wool":9,"minecraft:cobblestone":336,"minecraft:magma_block":37,"minecraft:leather_chestplate":2,"minecraft:cooked_beef":1,"minecraft:feather":18,"minecraft:jungle_log":14,"minecraft:salmon":12,"minecraft:leather":27,"minecraft:potato":10,"biomesoplenty:fir_sapling":12,"biomesoplenty:fir_log":217,"alexsmobs:cachalot_whale_tooth":1,"minecraft:flint":1,"minecraft:tuff":5,"minecraft:oak_log":10,"minecraft:chainmail_chestplate":2,"biomesoplenty:fir_stairs":1,"minecraft:gunpowder":2,"minecraft:lapis_lazuli":99,"minecraft:blue_bed":2,"minecraft:dirt":162,"minecraft:cooked_mutton":1,"minecraft:glass":13,"minecraft:bone":18,"biomesoplenty:stripped_fir_log":1,"minecraft:bow":1,"minecraft:wheat_seeds":47,"minecraft:raw_gold":19,"minecraft:iron_ingot":44,"minecraft:cooked_chicken":2,"minecraft:dark_oak_sign":2,"minecraft:diamond_helmet":1,"minecraft:oak_planks":1,"biomesoplenty:toadstool":4,"minecraft:smooth_basalt":1,"minecraft:pumpkin":5,"minecraft:dandelion":2,"minecraft:gravel":8,"minecraft:sand":387,"minecraft:ink_sac":1,"minecraft:spruce_log":4,"minecraft:cyan_bed":2,"minecraft:spectral_arrow":8,"minecraft:spider_eye":1,"travelersbackpack:standard":2,"minecraft:diamond":2,"minecraft:stone_axe":1,"minecraft:iron_helmet":1,"minecraft:cherry_sapling":30,"minecraft:golden_apple":2,"alexsmobs:moose_ribs":3,"morearmor:magma_armor_chestplate":1,"minecraft:netherrack":4,"minecraft:coal":153},"minecraft:crafted":{"biomesoplenty:fir_stairs":12,"morearmor:magma_armor_leggings":1,"minecraft:cherry_planks":8,"minecraft:oak_planks":40,"minecraft:cobblestone_slab":57,"minecraft:golden_chestplate":1,"minecraft:furnace":5,"minecraft:stone":3,"travelersbackpack:blank_upgrade":4,"minecraft:cooked_mutton":1,"minecraft:glass":126,"travelersbackpack:white_sleeping_bag":1,"minecraft:bow":2,"minecraft:iron_boots":1,"minecraft:iron_axe":2,"biomesoplenty:fir_slab":30,"minecraft:stone_pickaxe":4,"minecraft:chest":8,"morearmor:magma_armor_helmet":2,"morearmor:magma_armor_boots":2,"minecraft:cooked_beef":30,"minecraft:red_dye":5,"morearmor:lapis_armor_helmet":1,"minecraft:wooden_shovel":6,"travelersbackpack:iron_tier_upgrade":1,"minecraft:cooked_porkchop":20,"minecraft:crafting_table":10,"travelersbackpack:standard":2,"travelersbackpack:backpack_tank":4,"minecraft:baked_potato":22,"minecraft:iron_helmet":1,"minecraft:wooden_pickaxe":2,"minecraft:iron_sword":3,"alexsmobs:cooked_moose_ribs":3,"minecraft:cooked_salmon":8,"minecraft:stone_axe":4,"minecraft:orange_dye":4,"minecraft:air":0,"minecraft:jungle_planks":56,"biomesoplenty:fir_planks":340,"minecraft:yellow_dye":2,"minecraft:shield":2,"justhammers:stone_hammer":1,"morearmor:lapis_armor_leggings":1,"minecraft:stick":92,"minecraft:iron_ingot":52,"minecraft:iron_pickaxe":2,"minecraft:wooden_axe":2,"minecraft:gold_ingot":20,"minecraft:iron_leggings":1,"morearmor:magma_armor_chestplate":1,"minecraft:torch":120,"minecraft:shears":1,"biomesoplenty:fir_door":3},"minecraft:dropped":{"biomesoplenty:fir_log":49,"minecraft:iron_ingot":51,"minecraft:wheat_seeds":43,"minecraft:glass_bottle":2,"minecraft:crafting_table":2,"minecraft:waxed_oxidized_cut_copper_stairs":2,"minecraft:feather":18,"minecraft:iron_helmet":2,"minecraft:cobblestone":18,"biomesoplenty:fir_sapling":1,"minecraft:flint":1,"minecraft:dirt":3,"mca:book_romance":1,"minecraft:ink_sac":1,"minecraft:iron_leggings":1,"gravestone:obituary":1,"morearmor:magma_armor_helmet":1,"minecraft:sand":3,"minecraft:cactus":6,"minecraft:string":4,"minecraft:white_wool":1,"minecraft:cyan_carpet":1,"minecraft:bone":8,"minecraft:gold_ingot":8,"morearmor:lapis_armor_helmet":3,"minecraft:gravel":2,"biomesoplenty:toadstool":2,"minecraft:blackstone":15,"minecraft:cobbled_deepslate":117,"alexsmobs:animal_dictionary":1,"minecraft:raw_copper":4,"minecraft:rotten_flesh":1,"minecraft:iron_boots":3,"alexsmobs:cachalot_whale_tooth":1,"minecraft:salmon":4,"minecraft:chainmail_chestplate":2,"minecraft:leather_chestplate":2,"minecraft:chainmail_boots":2,"minecraft:leather_leggings":2,"minecraft:glass":26},"minecraft:broken":{"minecraft:wooden_shovel":6,"minecraft:golden_shovel":2,"minecraft:stone_pickaxe":2,"minecraft:shield":1,"minecraft:iron_axe":2,"minecraft:stone_axe":1,"minecraft:iron_pickaxe":1},"minecraft:killed":{"minecraft:spider":7,"minecraft:skeleton":17,"minecraft:chicken":6,"minecraft:silverfish":1,"minecraft:piglin":1,"minecraft:husk":27,"minecraft:pig":11,"minecraft:salmon":11,"creeperoverhaul:spruce_creeper":1,"minecraft:sheep":5,"minecraft:zombie":19,"minecraft:cow":17},"minecraft:custom":{"minecraft:interact_with_smithing_table":1,"minecraft:interact_with_anvil":1,"minecraft:mob_kills":129,"minecraft:interact_with_crafting_table":89,"minecraft:open_barrel":34,"minecraft:eat_cake_slice":7,"minecraft:leave_game":11,"minecraft:time_since_death":30996,"minecraft:climb_one_cm":4481,"minecraft:sprint_one_cm":1030895,"minecraft:walk_one_cm":1205572,"minecraft:damage_blocked_by_shield":2085,"minecraft:drop":70,"minecraft:play_time":347420,"minecraft:sneak_time":4699,"minecraft:deaths":4,"minecraft:walk_under_water_one_cm":35559,"minecraft:interact_with_brewingstand":1,"minecraft:jump":4261,"minecraft:interact_with_blast_furnace":8,"minecraft:walk_on_water_one_cm":48815,"minecraft:total_world_time":347420,"minecraft:interact_with_furnace":123,"minecraft:tune_noteblock":4,"minecraft:interact_with_stonecutter":1,"minecraft:sleep_in_bed":8,"minecraft:time_since_rest":7440,"minecraft:damage_taken":5008,"minecraft:damage_absorbed":80,"minecraft:damage_dealt":23125,"minecraft:swim_one_cm":126122,"minecraft:fly_one_cm":456275,"minecraft:open_chest":128,"minecraft:crouch_one_cm":9871,"minecraft:fall_one_cm":72279},"minecraft:used":{"minecraft:flint_and_steel":2,"minecraft:chest":7,"minecraft:shield":69,"minecraft:iron_sword":444,"minecraft:cooked_salmon":10,"minecraft:wooden_shovel":354,"minecraft:rotten_flesh":9,"minecraft:torch":162,"minecraft:dirt":33,"minecraft:carrot":2,"minecraft:golden_shovel":64,"minecraft:honey_bottle":2,"minecraft:obsidian":2,"minecraft:glass":6,"minecraft:wooden_axe":11,"minecraft:iron_axe":427,"minecraft:bow":27,"minecraft:furnace":10,"minecraft:cooked_beef":18,"minecraft:iron_leggings":1,"minecraft:cooked_mutton":1,"minecraft:baked_potato":19,"minecraft:cobblestone_slab":46,"minecraft:stone_pickaxe":276,"minecraft:wooden_pickaxe":28,"minecraft:blue_bed":2,"biomesoplenty:fir_planks":157,"minecraft:golden_apple":2,"biomesoplenty:fir_slab":29,"minecraft:crafting_table":16,"minecraft:cyan_bed":1,"minecraft:bread":12,"minecraft:iron_pickaxe":278,"biomesoplenty:fir_stairs":7,"minecraft:gravel":1,"minecraft:stone_axe":183,"alexsmobs:cooked_moose_ribs":2,"biomesoplenty:fir_door":7,"travelersbackpack:standard":10,"minecraft:cobblestone":157,"minecraft:potion":1,"minecraft:cooked_porkchop":13,"biomesoplenty:fir_log":3},"minecraft:killed_by":{"minecraft:husk":2,"minecraft:zombie":1},"minecraft:mined":{"minecraft:tuff":5,"minecraft:deepslate_diamond_ore":1,"minecraft:red_nether_bricks":1,"minecraft:cherry_log":183,"biomesoplenty:desert_grass":1,"minecraft:brewing_stand":1,"gravestone:gravestone":2,"biomesoplenty:fir_slab":2,"minecraft:grass_block":98,"minecraft:jungle_log":14,"minecraft:spruce_leaves":4,"minecraft:spawner":7,"biomesoplenty:stripped_fir_log":1,"minecraft:magma_block":14,"minecraft:furnace":7,"minecraft:carrots":1,"minecraft:dark_oak_trapdoor":1,"biomesoplenty:toadstool":3,"minecraft:iron_ore":88,"minecraft:fire":1,"minecraft:snow":1,"minecraft:pumpkin":5,"minecraft:nether_brick_fence":1,"biomesoplenty:fir_door":3,"minecraft:potatoes":9,"minecraft:dirt_path":7,"biomesoplenty:fir_stairs":1,"minecraft:deepslate_iron_ore":15,"minecraft:cobblestone_slab":4,"minecraft:stone":255,"biomesoplenty:brimstone_cluster":2,"minecraft:cake":2,"minecraft:acacia_leaves":2,"minecraft:snow_block":7,"minecraft:dandelion":2,"minecraft:powder_snow":69,"travelersbackpack:standard":2,"minecraft:crafting_table":11,"minecraft:torch":33,"biomesoplenty:fir_planks":19,"minecraft:poppy":2,"minecraft:melon":1,"minecraft:chest":1,"minecraft:rose_bush":2,"minecraft:tall_grass":2,"minecraft:cobblestone":29,"minecraft:cyan_bed":2,"minecraft:deepslate_gold_ore":6,"minecraft:lapis_ore":6,"minecraft:blue_bed":2,"minecraft:wall_torch":10,"minecraft:cyan_wool":1,"minecraft:waxed_oxidized_cut_copper_stairs":2,"minecraft:wheat":2,"biomesoplenty:fir_log":221,"minecraft:grass":222,"minecraft:coal_ore":88,"minecraft:oak_log":10,"minecraft:cyan_carpet":3,"biomesoplenty:fir_leaves":51,"minecraft:gravel":9,"minecraft:cherry_leaves":25,"minecraft:sand":388,"minecraft:dirt":61,"minecraft:netherrack":5,"minecraft:gold_ore":13,"minecraft:deepslate":9,"minecraft:fern":130}},"DataVersion":3465}