{"stats":{"minecraft:dropped":{"biomesoplenty:fir_log":49,"minecraft:iron_ingot":51,"minecraft:wheat_seeds":42,"minecraft:crafting_table":1,"minecraft:feather":18,"minecraft:iron_helmet":2,"minecraft:cobblestone":18,"biomesoplenty:fir_sapling":1,"minecraft:flint":1,"minecraft:dirt":2,"mca:book_romance":1,"minecraft:iron_leggings":1,"minecraft:string":4,"minecraft:white_wool":1,"minecraft:gold_ingot":8,"minecraft:bone":8,"morearmor:lapis_armor_helmet":3,"minecraft:gravel":2,"biomesoplenty:toadstool":1,"minecraft:blackstone":15,"alexsmobs:animal_dictionary":1,"minecraft:cobbled_deepslate":117,"minecraft:raw_copper":4,"minecraft:rotten_flesh":1,"minecraft:iron_boots":3,"minecraft:salmon":4},"minecraft:killed":{"minecraft:spider":7,"minecraft:skeleton":11,"minecraft:chicken":6,"minecraft:piglin":1,"minecraft:pig":2,"minecraft:salmon":6,"minecraft:sheep":5,"minecraft:zombie":15,"minecraft:cow":3},"minecraft:used":{"minecraft:flint_and_steel":2,"minecraft:chest":1,"minecraft:shield":22,"minecraft:iron_sword":32,"minecraft:rotten_flesh":9,"minecraft:torch":98,"minecraft:dirt":18,"minecraft:carrot":2,"minecraft:golden_shovel":64,"minecraft:obsidian":2,"minecraft:wooden_axe":11,"minecraft:iron_axe":125,"minecraft:furnace":3,"minecraft:cooked_beef":3,"minecraft:iron_leggings":1,"minecraft:cooked_mutton":1,"minecraft:stone_pickaxe":262,"minecraft:baked_potato":19,"minecraft:wooden_pickaxe":28,"biomesoplenty:fir_planks":141,"minecraft:cobblestone_slab":43,"minecraft:blue_bed":1,"biomesoplenty:fir_slab":21,"minecraft:crafting_table":9,"minecraft:bread":12,"minecraft:iron_pickaxe":34,"biomesoplenty:fir_stairs":7,"minecraft:stone_axe":160,"alexsmobs:cooked_moose_ribs":1,"biomesoplenty:fir_door":5,"minecraft:cobblestone":109,"minecraft:cooked_porkchop":1,"biomesoplenty:fir_log":3},"minecraft:mined":{"minecraft:tuff":5,"minecraft:deepslate_diamond_ore":1,"biomesoplenty:desert_grass":1,"minecraft:grass_block":84,"minecraft:jungle_log":5,"minecraft:spruce_leaves":4,"biomesoplenty:stripped_fir_log":1,"minecraft:furnace":1,"minecraft:carrots":1,"biomesoplenty:toadstool":1,"minecraft:iron_ore":40,"minecraft:fire":1,"minecraft:snow":1,"biomesoplenty:fir_stairs":1,"biomesoplenty:fir_door":3,"minecraft:potatoes":9,"minecraft:cobblestone_slab":4,"minecraft:deepslate_iron_ore":15,"minecraft:dirt_path":7,"minecraft:stone":149,"biomesoplenty:brimstone_cluster":2,"minecraft:snow_block":7,"minecraft:powder_snow":63,"minecraft:crafting_table":6,"minecraft:torch":24,"biomesoplenty:fir_planks":12,"minecraft:melon":1,"minecraft:cobblestone":14,"minecraft:deepslate_gold_ore":6,"minecraft:blue_bed":2,"minecraft:wall_torch":5,"minecraft:wheat":2,"biomesoplenty:fir_log":129,"minecraft:grass":198,"minecraft:coal_ore":47,"minecraft:oak_log":10,"biomesoplenty:fir_leaves":49,"minecraft:gravel":8,"minecraft:dirt":44,"minecraft:netherrack":5,"minecraft:gold_ore":5,"minecraft:deepslate":9,"minecraft:fern":123},"minecraft:killed_by":{"minecraft:zombie":1},"minecraft:custom":{"minecraft:mob_kills":60,"minecraft:interact_with_crafting_table":47,"minecraft:open_barrel":3,"minecraft:leave_game":1,"minecraft:time_since_death":131139,"minecraft:climb_one_cm":236,"minecraft:sprint_one_cm":465706,"minecraft:walk_one_cm":510497,"minecraft:damage_blocked_by_shield":680,"minecraft:drop":44,"minecraft:play_time":148057,"minecraft:deaths":1,"minecraft:sneak_time":2780,"minecraft:walk_under_water_one_cm":14145,"minecraft:jump":1849,"minecraft:interact_with_blast_furnace":1,"minecraft:walk_on_water_one_cm":11180,"minecraft:total_world_time":148057,"minecraft:interact_with_furnace":73,"minecraft:interact_with_stonecutter":1,"minecraft:sleep_in_bed":4,"minecraft:time_since_rest":10494,"minecraft:damage_taken":1935,"minecraft:damage_dealt":7514,"minecraft:swim_one_cm":24663,"minecraft:fly_one_cm":207495,"minecraft:open_chest":46,"minecraft:crouch_one_cm":7691,"minecraft:fall_one_cm":28977},"minecraft:broken":{"minecraft:golden_shovel":2,"minecraft:stone_pickaxe":2,"minecraft:stone_axe":1},"minecraft:picked_up":{"minecraft:crafting_table":6,"minecraft:chicken":6,"minecraft:gold_block":1,"minecraft:nether_brick":3,"biomesoplenty:fir_door":3,"minecraft:string":9,"minecraft:raw_copper":4,"minecraft:blackstone":15,"minecraft:cobbled_deepslate":127,"biomesoplenty:fir_planks":10,"minecraft:beef":15,"minecraft:cobblestone_slab":9,"minecraft:furnace":2,"minecraft:iron_boots":1,"minecraft:stick":2,"minecraft:raw_iron":82,"morearmor:lapis_armor_helmet":3,"minecraft:torch":32,"minecraft:fire_charge":1,"minecraft:porkchop":4,"minecraft:carrot":1,"minecraft:rotten_flesh":10,"minecraft:arrow":14,"minecraft:gold_ingot":5,"minecraft:mutton":8,"minecraft:snowball":29,"minecraft:white_wool":5,"minecraft:cobblestone":211,"minecraft:magma_block":28,"minecraft:feather":18,"minecraft:jungle_log":5,"minecraft:salmon":8,"minecraft:leather":3,"minecraft:potato":10,"biomesoplenty:fir_sapling":12,"biomesoplenty:fir_log":129,"minecraft:flint":1,"minecraft:tuff":5,"minecraft:oak_log":10,"biomesoplenty:fir_stairs":1,"minecraft:gunpowder":2,"minecraft:blue_bed":2,"minecraft:dirt":130,"minecraft:lapis_lazuli":62,"minecraft:bone":11,"biomesoplenty:stripped_fir_log":1,"minecraft:bow":1,"minecraft:wheat_seeds":46,"minecraft:raw_gold":11,"minecraft:iron_ingot":23,"minecraft:oak_planks":1,"biomesoplenty:toadstool":1,"minecraft:smooth_basalt":1,"minecraft:gravel":7,"minecraft:spectral_arrow":8,"minecraft:spider_eye":1,"minecraft:diamond":2,"minecraft:iron_helmet":1,"alexsmobs:moose_ribs":3,"minecraft:netherrack":4,"minecraft:coal":50},"minecraft:crafted":{"biomesoplenty:fir_stairs":12,"minecraft:oak_planks":40,"minecraft:cobblestone_slab":57,"minecraft:golden_chestplate":1,"minecraft:furnace":2,"minecraft:stone":3,"minecraft:cooked_mutton":1,"minecraft:bow":2,"minecraft:iron_boots":1,"minecraft:iron_axe":2,"biomesoplenty:fir_slab":24,"minecraft:stone_pickaxe":3,"minecraft:chest":1,"morearmor:magma_armor_helmet":1,"morearmor:magma_armor_boots":1,"minecraft:cooked_beef":2,"morearmor:lapis_armor_helmet":1,"minecraft:cooked_porkchop":1,"minecraft:crafting_table":4,"minecraft:wooden_pickaxe":2,"minecraft:baked_potato":22,"minecraft:iron_helmet":1,"minecraft:iron_sword":1,"alexsmobs:cooked_moose_ribs":3,"minecraft:stone_axe":2,"minecraft:air":0,"minecraft:jungle_planks":20,"biomesoplenty:fir_planks":232,"justhammers:stone_hammer":1,"minecraft:shield":1,"morearmor:lapis_armor_leggings":1,"minecraft:stick":72,"minecraft:iron_ingot":50,"minecraft:iron_pickaxe":1,"minecraft:wooden_axe":2,"minecraft:gold_ingot":11,"minecraft:iron_leggings":1,"minecraft:torch":120,"biomesoplenty:fir_door":3}},"DataVersion":3465}