{"stats":{"minecraft:dropped":{"minecraft:gravel":2,"biomesoplenty:toadstool":1,"alexsmobs:animal_dictionary":1,"minecraft:raw_copper":4,"minecraft:crafting_table":1,"minecraft:iron_boots":1,"biomesoplenty:fir_sapling":1,"minecraft:flint":1,"minecraft:dirt":2,"mca:book_romance":1,"minecraft:bone":8},"minecraft:killed":{"minecraft:pig":2,"minecraft:salmon":6,"minecraft:spider":6,"minecraft:sheep":5,"minecraft:skeleton":10,"minecraft:zombie":14,"minecraft:chicken":6,"minecraft:cow":3},"minecraft:used":{"minecraft:stone_pickaxe":262,"minecraft:baked_potato":17,"minecraft:wooden_pickaxe":28,"minecraft:shield":21,"biomesoplenty:fir_planks":3,"minecraft:iron_sword":21,"minecraft:rotten_flesh":9,"minecraft:torch":96,"minecraft:dirt":18,"minecraft:crafting_table":9,"minecraft:carrot":2,"minecraft:wooden_axe":11,"minecraft:iron_axe":98,"minecraft:bread":12,"minecraft:iron_pickaxe":17,"minecraft:stone_axe":160,"minecraft:cobblestone":84,"minecraft:furnace":3,"minecraft:cooked_porkchop":1,"minecraft:cooked_beef":2,"minecraft:iron_leggings":1},"minecraft:mined":{"minecraft:deepslate_diamond_ore":1,"biomesoplenty:desert_grass":1,"minecraft:powder_snow":42,"minecraft:crafting_table":6,"minecraft:torch":24,"minecraft:melon":1,"minecraft:grass_block":17,"biomesoplenty:fir_planks":2,"minecraft:jungle_log":5,"minecraft:cobblestone":13,"minecraft:spruce_leaves":4,"minecraft:deepslate_gold_ore":6,"minecraft:wall_torch":5,"minecraft:blue_bed":1,"biomesoplenty:stripped_fir_log":1,"minecraft:furnace":1,"minecraft:carrots":1,"biomesoplenty:toadstool":1,"minecraft:iron_ore":40,"minecraft:wheat":2,"biomesoplenty:fir_log":123,"minecraft:grass":198,"minecraft:potatoes":9,"minecraft:oak_log":10,"minecraft:coal_ore":47,"minecraft:dirt_path":7,"minecraft:deepslate_iron_ore":15,"biomesoplenty:fir_leaves":48,"minecraft:gravel":8,"minecraft:dirt":4,"minecraft:stone":149,"minecraft:gold_ore":5,"minecraft:deepslate":9,"minecraft:fern":122},"minecraft:killed_by":{"minecraft:zombie":1},"minecraft:custom":{"minecraft:interact_with_furnace":47,"minecraft:mob_kills":54,"minecraft:interact_with_crafting_table":36,"minecraft:open_barrel":3,"minecraft:interact_with_stonecutter":1,"minecraft:time_since_death":94300,"minecraft:sleep_in_bed":3,"minecraft:climb_one_cm":236,"minecraft:time_since_rest":60925,"minecraft:sprint_one_cm":364214,"minecraft:damage_taken":1801,"minecraft:walk_one_cm":373123,"minecraft:damage_blocked_by_shield":655,"minecraft:drop":12,"minecraft:damage_dealt":6595,"minecraft:swim_one_cm":24663,"minecraft:fly_one_cm":169056,"minecraft:open_chest":23,"minecraft:play_time":111218,"minecraft:crouch_one_cm":4546,"minecraft:sneak_time":1669,"minecraft:deaths":1,"minecraft:walk_under_water_one_cm":14145,"minecraft:jump":1532,"minecraft:interact_with_blast_furnace":1,"minecraft:walk_on_water_one_cm":11180,"minecraft:total_world_time":111218,"minecraft:fall_one_cm":23937},"minecraft:broken":{"minecraft:stone_pickaxe":2,"minecraft:stone_axe":1},"minecraft:picked_up":{"minecraft:crafting_table":6,"minecraft:feather":9,"minecraft:chicken":6,"minecraft:salmon":4,"minecraft:jungle_log":5,"minecraft:leather":3,"minecraft:potato":10,"biomesoplenty:fir_sapling":6,"biomesoplenty:fir_log":123,"minecraft:flint":1,"minecraft:oak_log":10,"minecraft:gunpowder":2,"minecraft:dirt":27,"minecraft:blue_bed":1,"minecraft:string":5,"minecraft:raw_copper":4,"minecraft:bone":11,"biomesoplenty:stripped_fir_log":1,"minecraft:bow":1,"minecraft:wheat_seeds":38,"minecraft:cobbled_deepslate":10,"minecraft:raw_gold":11,"biomesoplenty:fir_planks":2,"minecraft:iron_ingot":6,"minecraft:beef":5,"minecraft:oak_planks":1,"minecraft:iron_boots":1,"minecraft:furnace":2,"minecraft:stick":2,"biomesoplenty:toadstool":1,"minecraft:raw_iron":82,"minecraft:torch":32,"minecraft:gravel":7,"minecraft:porkchop":4,"minecraft:carrot":1,"minecraft:arrow":13,"minecraft:rotten_flesh":9,"minecraft:diamond":1,"minecraft:mutton":8,"minecraft:coal":50,"minecraft:white_wool":5,"minecraft:cobblestone":165},"minecraft:crafted":{"minecraft:cooked_beef":2,"minecraft:oak_planks":40,"minecraft:cooked_porkchop":1,"minecraft:crafting_table":4,"minecraft:iron_helmet":1,"minecraft:baked_potato":22,"minecraft:wooden_pickaxe":2,"minecraft:iron_sword":1,"minecraft:furnace":2,"minecraft:stone":3,"minecraft:stone_axe":2,"minecraft:air":0,"minecraft:jungle_planks":20,"biomesoplenty:fir_planks":56,"minecraft:iron_boots":1,"minecraft:bow":1,"minecraft:shield":1,"justhammers:stone_hammer":1,"minecraft:iron_axe":2,"minecraft:stick":68,"minecraft:iron_ingot":49,"minecraft:iron_pickaxe":1,"minecraft:stone_pickaxe":3,"minecraft:wooden_axe":2,"minecraft:iron_leggings":1,"minecraft:torch":108}},"DataVersion":3465}