{"stats":{"minecraft:crafted":{"morearmor:magma_armor_leggings":2,"minecraft:oak_planks":40,"minecraft:cobblestone_slab":57,"minecraft:cherry_slab":48,"minecraft:cooked_chicken":1,"minecraft:stone":1336,"msmlegacy:vampiric_blade":1,"minecraft:cooked_mutton":6,"minecraft:glass":126,"minecraft:diamond_helmet":1,"minecraft:bow":5,"minecraft:diamond_leggings":1,"minecraft:iron_boots":1,"biomesoplenty:fir_slab":54,"justhammers:diamond_hammer":1,"minecraft:chest":23,"morearmor:magma_armor_helmet":2,"morearmor:magma_armor_boots":4,"minecraft:pink_stained_glass":16,"morearmor:lapis_armor_helmet":1,"minecraft:wooden_shovel":6,"travelersbackpack:iron_tier_upgrade":1,"biomesoplenty:jacaranda_planks":40,"minecraft:cooked_porkchop":39,"minecraft:crafting_table":12,"travelersbackpack:standard":3,"minecraft:baked_potato":36,"minecraft:wooden_pickaxe":2,"minecraft:iron_helmet":1,"minecraft:copper_ingot":38,"biomesoplenty:fir_planks":476,"minecraft:yellow_dye":2,"minecraft:iron_chestplate":1,"minecraft:pink_wool":1,"minecraft:charcoal":5,"minecraft:shield":2,"morearmor:lapis_armor_leggings":3,"minecraft:stick":304,"minecraft:iron_ingot":116,"minecraft:iron_pickaxe":7,"minecraft:gold_ingot":68,"morearmor:magma_armor_chestplate":1,"minecraft:shears":2,"biomesoplenty:fir_door":3,"biomesoplenty:fir_stairs":12,"minecraft:cherry_planks":266,"minecraft:golden_chestplate":1,"minecraft:furnace":14,"minecraft:bone_meal":24,"minecraft:pink_dye":6,"travelersbackpack:blank_upgrade":4,"travelersbackpack:white_sleeping_bag":1,"minecraft:iron_axe":4,"minecraft:cherry_stairs":8,"minecraft:stone_pickaxe":5,"minecraft:diamond_boots":1,"minecraft:cooked_beef":49,"minecraft:red_dye":5,"minecraft:iron_trapdoor":1,"travelersbackpack:backpack_tank":4,"minecraft:iron_sword":3,"alexsmobs:cooked_moose_ribs":3,"minecraft:nether_bricks":3,"minecraft:cooked_salmon":8,"minecraft:stone_axe":4,"minecraft:orange_dye":4,"minecraft:air":0,"minecraft:jungle_planks":56,"justhammers:iron_hammer":5,"justhammers:stone_hammer":1,"minecraft:white_dye":3,"minecraft:wooden_axe":2,"minecraft:iron_leggings":1,"minecraft:cherry_door":3,"minecraft:torch":608,"minecraft:diamond_chestplate":1},"minecraft:mined":{"minecraft:white_bed":1,"minecraft:cherry_log":183,"minecraft:red_nether_bricks":1,"minecraft:brewing_stand":3,"minecraft:stone_brick_wall":1,"biomesoplenty:fir_slab":30,"minecraft:grass_block":113,"minecraft:jungle_log":14,"minecraft:spawner":8,"biomesoplenty:stripped_fir_log":1,"minecraft:smooth_stone":8,"minecraft:magma_block":14,"biomesoplenty:tall_lavender":1,"minecraft:dark_oak_trapdoor":1,"minecraft:iron_ore":171,"minecraft:fire":80,"biomesoplenty:lavender":29,"minecraft:pumpkin":5,"minecraft:anvil":2,"minecraft:dirt_path":9,"minecraft:small_amethyst_bud":1,"biomesoplenty:jacaranda_leaves":81,"minecraft:deepslate_redstone_ore":14,"biomesoplenty:wildflower":4,"minecraft:powder_snow":72,"minecraft:torch":37,"minecraft:blast_furnace":1,"minecraft:calcite":6,"minecraft:poppy":2,"minecraft:melon":1,"minecraft:chest":12,"minecraft:glass":9,"minecraft:cobblestone":39,"minecraft:cyan_bed":3,"minecraft:wall_torch":22,"minecraft:amethyst_block":6,"minecraft:cherry_slab":2,"minecraft:cyan_wool":1,"minecraft:wheat":19,"minecraft:waxed_oxidized_cut_copper_stairs":2,"biomesoplenty:fir_log":222,"minecraft:stone_brick_stairs":3,"minecraft:grass":247,"minecraft:oak_log":10,"minecraft:beetroots":3,"minecraft:sand":388,"minecraft:dirt":96,"minecraft:smooth_basalt":5,"minecraft:netherrack":15,"minecraft:oak_leaves":9,"minecraft:deepslate":154,"minecraft:tuff":5,"minecraft:mossy_cobblestone":6,"minecraft:deepslate_diamond_ore":9,"biomesoplenty:desert_grass":2,"gravestone:gravestone":2,"minecraft:spruce_leaves":9,"biomesoplenty:jacaranda_log":11,"minecraft:furnace":11,"minecraft:carrots":4,"biomesoplenty:toadstool":3,"minecraft:snow":1,"minecraft:nether_brick_fence":1,"biomesoplenty:fir_door":6,"minecraft:potatoes":12,"biomesoplenty:fir_stairs":7,"minecraft:deepslate_iron_ore":21,"minecraft:cobblestone_slab":37,"minecraft:stone":650,"biomesoplenty:brimstone_cluster":2,"minecraft:cake":2,"morearmor:power_ore":1,"minecraft:smithing_table":3,"minecraft:acacia_leaves":2,"minecraft:cherry_planks":3,"minecraft:snow_block":7,"minecraft:dandelion":2,"travelersbackpack:standard":2,"minecraft:crafting_table":12,"minecraft:emerald_ore":2,"biomesoplenty:fir_planks":130,"minecraft:rose_bush":2,"minecraft:copper_ore":13,"minecraft:tall_grass":7,"minecraft:deepslate_gold_ore":18,"minecraft:lapis_ore":6,"minecraft:sculk":2,"minecraft:blue_bed":3,"minecraft:sweet_berry_bush":2,"minecraft:coal_ore":299,"biomesoplenty:fir_leaves":53,"minecraft:cherry_leaves":26,"minecraft:cyan_carpet":3,"minecraft:gravel":35,"biomesoplenty:stringy_cobweb":1,"minecraft:cobweb":1,"minecraft:stone_bricks":1,"minecraft:gold_ore":21,"minecraft:iron_trapdoor":1,"minecraft:fern":132},"minecraft:used":{"minecraft:cherry_sapling":5,"minecraft:chest":33,"minecraft:shield":105,"minecraft:iron_sword":461,"minecraft:rotten_flesh":9,"minecraft:carrot":2,"minecraft:obsidian":2,"minecraft:honey_bottle":2,"minecraft:glass":6,"minecraft:cherry_leaves":3,"minecraft:pink_wool":1,"minecraft:stone_brick_stairs":5,"biomesoplenty:jacaranda_sapling":1,"morearmor:magma_armor_boots":1,"minecraft:bow":27,"minecraft:sweet_berries":1,"minecraft:furnace":23,"minecraft:potato":1,"minecraft:diamond_boots":1,"minecraft:stone_pickaxe":285,"minecraft:wooden_pickaxe":28,"minecraft:blue_bed":3,"biomesoplenty:fir_planks":199,"minecraft:white_wool":1,"minecraft:cookie":1,"minecraft:golden_apple":2,"minecraft:blast_furnace":1,"minecraft:shears":78,"minecraft:bread":36,"minecraft:cyan_bed":3,"biomesoplenty:fir_stairs":8,"minecraft:gravel":1,"alexsmobs:cooked_moose_ribs":2,"minecraft:smithing_table":3,"minecraft:cooked_rabbit":1,"minecraft:pink_stained_glass":9,"minecraft:bone_meal":21,"msmlegacy:vampiric_blade":428,"minecraft:flint_and_steel":73,"minecraft:armor_stand":6,"minecraft:wooden_shovel":354,"minecraft:cooked_salmon":11,"minecraft:cooked_chicken":3,"minecraft:netherrack":10,"minecraft:torch":596,"minecraft:brewing_stand":4,"minecraft:dirt":42,"minecraft:anvil":2,"minecraft:golden_shovel":64,"minecraft:wooden_axe":11,"minecraft:iron_axe":616,"minecraft:cherry_slab":26,"minecraft:diamond_chestplate":1,"minecraft:iron_trapdoor":1,"minecraft:cooked_beef":48,"minecraft:cobbled_deepslate":1,"minecraft:iron_leggings":1,"minecraft:cooked_mutton":5,"minecraft:water_bucket":22,"minecraft:baked_potato":19,"minecraft:cherry_planks":128,"minecraft:cobblestone_slab":46,"biomesoplenty:fir_slab":61,"justhammers:diamond_hammer":419,"minecraft:crafting_table":19,"minecraft:white_bed":1,"minecraft:cake":3,"justhammers:iron_hammer":63,"minecraft:cherry_door":7,"minecraft:iron_pickaxe":1294,"minecraft:stone_axe":186,"minecraft:potion":1,"minecraft:cherry_stairs":6,"biomesoplenty:fir_door":7,"travelersbackpack:standard":11,"minecraft:cobblestone":180,"minecraft:cooked_porkchop":24,"minecraft:bucket":23,"minecraft:pumpkin_pie":5,"biomesoplenty:fir_log":3},"minecraft:dropped":{"biomesoplenty:fir_log":49,"minecraft:iron_sword":1,"minecraft:glass_bottle":2,"minecraft:crafting_table":2,"minecraft:leather":3,"travelersbackpack:standard":1,"biomesoplenty:fir_sapling":1,"minecraft:flint":1,"minecraft:dirt":5,"gravestone:obituary":1,"morearmor:magma_armor_helmet":1,"minecraft:sand":3,"minecraft:iron_pickaxe":2,"minecraft:white_wool":1,"minecraft:cyan_carpet":1,"minecraft:gold_ingot":25,"minecraft:bone":10,"morearmor:lapis_armor_helmet":3,"minecraft:gravel":25,"biomesoplenty:toadstool":2,"minecraft:stone_axe":1,"minecraft:blackstone":15,"alexsmobs:animal_dictionary":1,"minecraft:cobbled_deepslate":1231,"minecraft:purple_banner":1,"minecraft:rotten_flesh":7,"msmlegacy:vampiric_blade":2,"alexsmobs:cachalot_whale_tooth":1,"minecraft:salmon":4,"travelersbackpack:iron":3,"minecraft:chainmail_chestplate":2,"travelersbackpack:gold_tier_upgrade":3,"minecraft:leather_chestplate":2,"minecraft:stone_brick_wall":2,"minecraft:chainmail_boots":2,"minecraft:leather_leggings":2,"minecraft:glass":26,"minecraft:stone_brick_stairs":2,"minecraft:water_bucket":1,"minecraft:iron_ingot":51,"minecraft:wheat_seeds":53,"minecraft:mossy_cobblestone":14,"minecraft:waxed_oxidized_cut_copper_stairs":2,"minecraft:iron_helmet":2,"minecraft:feather":18,"minecraft:cobblestone":39,"minecraft:granite":5,"minecraft:tropical_fish":1,"minecraft:coal":128,"minecraft:stick":1,"mca:book_romance":1,"minecraft:diorite":1,"minecraft:ink_sac":1,"minecraft:iron_leggings":1,"biomesoplenty:fir_door":3,"minecraft:iron_axe":1,"minecraft:cactus":6,"minecraft:string":6,"minecraft:smooth_basalt":5,"minecraft:raw_copper":4,"minecraft:tuff":452,"minecraft:iron_boots":3,"minecraft:stone":1,"minecraft:iron_chestplate":1,"minecraft:spider_eye":1,"minecraft:stone_bricks":2,"minecraft:stone_pickaxe":1,"travelersbackpack:hose":1,"minecraft:calcite":6},"minecraft:custom":{"minecraft:animals_bred":1,"minecraft:interact_with_crafting_table":147,"minecraft:open_barrel":46,"minecraft:eat_cake_slice":24,"minecraft:leave_game":19,"minecraft:time_since_death":424475,"minecraft:sprint_one_cm":2527261,"minecraft:damage_blocked_by_shield":3250,"minecraft:drop":180,"minecraft:play_time":740899,"minecraft:deaths":4,"minecraft:jump":9903,"minecraft:interact_with_brewingstand":3,"minecraft:walk_on_water_one_cm":129414,"minecraft:interact_with_furnace":383,"minecraft:sleep_in_bed":18,"minecraft:damage_dealt":39888,"minecraft:crouch_one_cm":20926,"minecraft:interact_with_smithing_table":6,"minecraft:interact_with_anvil":6,"minecraft:mob_kills":222,"minecraft:climb_one_cm":7600,"minecraft:walk_one_cm":2177937,"minecraft:sneak_time":7692,"minecraft:walk_under_water_one_cm":54085,"minecraft:boat_one_cm":2791,"minecraft:interact_with_blast_furnace":10,"minecraft:total_world_time":740899,"minecraft:tune_noteblock":4,"minecraft:interact_with_stonecutter":1,"minecraft:time_since_rest":17655,"minecraft:damage_taken":8298,"minecraft:damage_absorbed":80,"minecraft:swim_one_cm":190430,"minecraft:fly_one_cm":1460092,"minecraft:open_chest":845,"minecraft:fall_one_cm":205631},"minecraft:picked_up":{"minecraft:iron_chestplate":1,"minecraft:wheat":4,"minecraft:chainmail_boots":2,"minecraft:nether_brick_fence":1,"minecraft:anvil":2,"minecraft:smithing_table":3,"minecraft:potion":1,"minecraft:nether_brick":12,"minecraft:stone_brick_stairs":7,"minecraft:brewing_stand":3,"minecraft:amethyst_block":7,"minecraft:string":20,"minecraft:dark_oak_trapdoor":1,"minecraft:raw_copper":47,"minecraft:cooked_salmon":3,"minecraft:iron_leggings":1,"minecraft:red_nether_bricks":1,"biomesoplenty:tall_lavender":2,"minecraft:armor_stand":4,"minecraft:purple_banner":1,"minecraft:beetroot":2,"minecraft:smooth_stone":8,"minecraft:cobbled_deepslate":2179,"biomesoplenty:fir_planks":172,"minecraft:bucket":2,"minecraft:red_dye":3,"minecraft:rose_bush":2,"minecraft:cobblestone_slab":33,"minecraft:calcite":6,"minecraft:iron_pickaxe":2,"minecraft:furnace":12,"minecraft:iron_boots":4,"minecraft:stick":17,"minecraft:torch":84,"minecraft:porkchop":33,"minecraft:cherry_log":179,"minecraft:diorite":1,"travelersbackpack:iron":3,"minecraft:cactus":6,"minecraft:honey_bottle":2,"minecraft:rotten_flesh":66,"minecraft:tropical_fish":1,"biomesoplenty:fir_slab":28,"minecraft:snowball":29,"minecraft:cobblestone":1683,"biomesoplenty:lavender":57,"minecraft:magma_block":37,"minecraft:leather_chestplate":2,"minecraft:feather":20,"minecraft:cooked_beef":1,"minecraft:cherry_planks":4,"minecraft:cherry_leaves":3,"minecraft:andesite":3,"minecraft:jungle_log":14,"minecraft:potato":14,"biomesoplenty:fir_sapling":13,"biomesoplenty:fir_log":218,"minecraft:flint":4,"minecraft:tuff":457,"biomesoplenty:fir_stairs":7,"travelersbackpack:gold_tier_upgrade":4,"minecraft:cherry_door":4,"minecraft:lapis_lazuli":181,"minecraft:dirt":220,"minecraft:bone":27,"minecraft:glass":13,"minecraft:bow":4,"minecraft:wheat_seeds":80,"minecraft:raw_gold":59,"minecraft:dark_oak_sign":2,"minecraft:diamond_helmet":1,"minecraft:oak_planks":1,"biomesoplenty:toadstool":4,"justhammers:iron_hammer":1,"minecraft:sand":387,"minecraft:ink_sac":28,"minecraft:cyan_bed":3,"minecraft:spectral_arrow":18,"alexsmobs:animal_dictionary":1,"minecraft:mossy_cobblestone":24,"minecraft:diamond":25,"minecraft:granite":5,"minecraft:golden_apple":2,"alexsmobs:moose_ribs":3,"minecraft:emerald":4,"morearmor:magma_armor_chestplate":1,"minecraft:oak_sapling":1,"minecraft:cherry_slab":2,"minecraft:netherrack":14,"minecraft:crafting_table":12,"minecraft:chicken":7,"minecraft:leather_leggings":2,"minecraft:stone_brick_wall":5,"minecraft:cooked_rabbit":1,"minecraft:gold_block":1,"biomesoplenty:jacaranda_sapling":1,"morearmor:magma_armor_leggings":1,"morearmor:magma_armor_helmet":1,"morearmor:magma_armor_boots":1,"biomesoplenty:fir_door":7,"minecraft:item_frame":1,"minecraft:blackstone":15,"minecraft:cyan_carpet":4,"minecraft:beef":59,"minecraft:cyan_wool":1,"minecraft:poppy":1,"biomesoplenty:wildflower":4,"minecraft:chest":12,"minecraft:egg":1,"minecraft:raw_iron":229,"minecraft:orange_dye":4,"minecraft:stone":1,"morearmor:lapis_armor_helmet":3,"minecraft:fire_charge":3,"minecraft:cookie":1,"minecraft:carrot":4,"minecraft:redstone":244,"travelersbackpack:hose":1,"minecraft:arrow":34,"biomesoplenty:jacaranda_log":11,"minecraft:beetroot_seeds":8,"minecraft:pumpkin_pie":1,"minecraft:shears":1,"minecraft:waxed_oxidized_cut_copper_stairs":2,"minecraft:gold_ingot":7,"minecraft:mutton":12,"minecraft:white_wool":13,"minecraft:salmon":12,"minecraft:leather":44,"alexsmobs:cachalot_whale_tooth":1,"minecraft:oak_log":10,"minecraft:chainmail_chestplate":2,"minecraft:gunpowder":3,"minecraft:blue_bed":3,"minecraft:cooked_mutton":1,"biomesoplenty:stripped_fir_log":1,"minecraft:stone_bricks":2,"minecraft:iron_ingot":44,"minecraft:cooked_chicken":2,"minecraft:soul_sand":5,"minecraft:smooth_basalt":6,"minecraft:pumpkin":5,"minecraft:sweet_berries":1,"minecraft:dandelion":2,"minecraft:gravel":59,"minecraft:blast_furnace":1,"minecraft:white_bed":1,"minecraft:spruce_log":4,"biomesoplenty:jacaranda_leaves":63,"minecraft:crying_obsidian":5,"minecraft:spider_eye":4,"travelersbackpack:standard":3,"msmlegacy:vampiric_blade":2,"minecraft:stone_axe":1,"minecraft:iron_helmet":2,"minecraft:cherry_sapling":32,"minecraft:coal":517,"minecraft:ender_pearl":4},"minecraft:killed_by":{"minecraft:zombie":1,"minecraft:husk":2},"minecraft:killed":{"minecraft:cave_spider":1,"minecraft:spider":15,"minecraft:skeleton":26,"minecraft:chicken":7,"minecraft:silverfish":1,"minecraft:piglin":1,"minecraft:pig":17,"minecraft:salmon":11,"minecraft:creeper":1,"minecraft:sheep":9,"minecraft:pillager":5,"minecraft:zombie":58,"minecraft:cow":27,"mca:female_zombie_villager":1,"minecraft:vindicator":3,"minecraft:husk":27,"creeperoverhaul:spruce_creeper":1,"minecraft:enderman":2},"minecraft:broken":{"minecraft:wooden_shovel":6,"minecraft:golden_shovel":2,"minecraft:stone_pickaxe":2,"minecraft:stone_axe":1,"minecraft:flint_and_steel":2,"minecraft:shield":1,"minecraft:iron_axe":2,"minecraft:iron_pickaxe":4}},"DataVersion":3465}